2370,Arendonk,Vlaanderen,Antwerpen,51.316700,5.083300
8433,Middelkerke,Vlaanderen,West-Vlaanderen,51.183300,2.816700
4340,Awans Othée,Wallonie,Liège,50.716702,5.450000
5374,Havelange,Wallonie,Namur,50.383301,5.233300
7521,Tournai Chercq,Wallonie,Hainaut,50.599998,3.383300
2288,Grobbendonk,Vlaanderen,Antwerpen,51.200001,4.716700
6924,Wellin,Wallonie,Luxembourg,50.083302,5.116700
7532,Tournai,Wallonie,Hainaut,50.599998,3.383300
9931,Zomergem,Vlaanderen,Oost-Vlaanderen,51.116699,3.550000
3293,Diest,Vlaanderen,Vlaams Brabant,50.983398,5.050100
7904,Leuze-en-Hainaut Willaupuis,Wallonie,Hainaut,50.552299,3.743100
3390,Tielt-Winge Sint-Joris-Winge,Vlaanderen,Vlaams Brabant,50.916698,4.866700
8511,Kortrijk Aalbeke,Vlaanderen,West-Vlaanderen,50.827999,3.264900
8920,Langemark-Poelkapelle Poelkapelle,Vlaanderen,West-Vlaanderen,50.933300,2.866700
9890,Gavere,Vlaanderen,Oost-Vlaanderen,50.933300,3.666700
1852,Grimbergen,Vlaanderen,Vlaams Brabant,50.933300,4.383300
2160,Wommelgem,Vlaanderen,Antwerpen,51.200001,4.516700
6181,Courcelles,Wallonie,Hainaut,50.466702,4.366700
2910,Essen,Vlaanderen,Antwerpen,51.466702,4.466700
6971,Tenneville,Wallonie,Luxembourg,50.099998,5.533300
7190,Ecaussinnes Marche-lez-Ecaussinnes,Wallonie,Hainaut,50.566700,4.183300
7624,Brunehaut,Wallonie,Hainaut,50.539001,3.490200
9310,Aalst Meldert,Vlaanderen,Oost-Vlaanderen,50.933300,4.033300
6791,Aubange,Wallonie,Luxembourg,49.583302,5.800000
7863,Lessines Ghoy,Wallonie,Hainaut,50.716702,3.800000
1060,Bruxelles Saint-Gilles,Bruxelles-Capitale,Bruxelles,50.816700,4.333300
3391,Tielt-Winge,Vlaanderen,Vlaams Brabant,50.916698,4.866700
9521,Sint-Lievens-Houtem Letterhoutem,Vlaanderen,Oost-Vlaanderen,50.933300,3.883300
4791,Burg-Reuland Thommen,Wallonie,Liège,50.219200,6.074200
6927,Tellin,Wallonie,Luxembourg,50.083302,5.216700
4162,Anthisnes Hody,Wallonie,Liège,50.483299,5.500000
6043,Charleroi,Wallonie,Hainaut,50.416698,4.433300
2480,Dessel,Vlaanderen,Antwerpen,51.233299,5.116700
9140,Temse Elversele,Vlaanderen,Oost-Vlaanderen,51.116699,4.133300
4101,Seraing,Wallonie,Liège,50.599998,5.483300
4920,Aywaille,Wallonie,Liège,50.466702,5.666700
4682,Oupeye Heure-le-Romain,Wallonie,Liège,50.716702,5.633300
5670,Viroinval Dourbes,Wallonie,Namur,50.083302,4.600000
6533,Thuin,Wallonie,Hainaut,50.333302,4.283300
6706,Arlon,Wallonie,Luxembourg,49.683300,5.816700
7743,Pecq Esquelmes,Wallonie,Hainaut,50.666698,3.333300
1011,Vlaamse Raad - Vlaams Parlement,Bruxelles-Capitale,Bruxelles,50.847599,4.342800
3360,Bierbeek Opvelp,Vlaanderen,Vlaams Brabant,50.816700,4.800000
8554,Zwevegem Sint-Denijs,Vlaanderen,West-Vlaanderen,50.750000,3.366700
1340,Ottignies-Louvain-la-Neuve,Wallonie,Brabant Wallon,50.705700,4.748400
5060,Sambreville Arsimont,Wallonie,Namur,50.433300,4.650000
4090,F.B.A. (Forces Belges en Allemagne),,,50.638000,5.597800
1043,VRT,Bruxelles-Capitale,Bruxelles,50.841202,4.370400
9401,Ninove,Vlaanderen,Oost-Vlaanderen,50.833302,4.016700
4570,Marchin,Wallonie,Liège,50.466702,5.233300
4970,Stavelot Coo,Wallonie,Liège,50.416698,5.941700
3053,Oud-Heverlee,Vlaanderen,Vlaams Brabant,50.833302,4.666700
3717,Herstappe,Vlaanderen,Limburg,50.733299,5.416700
3212,Lubbeek,Vlaanderen,Vlaams Brabant,50.883301,4.833300
9270,Laarne,Vlaanderen,Oost-Vlaanderen,51.033298,3.850000
4680,Oupeye,Wallonie,Liège,50.700001,5.650000
7620,Brunehaut Guignies,Wallonie,Hainaut,50.539001,3.490200
2570,Duffel,Vlaanderen,Antwerpen,51.099998,4.516700
6240,Farciennes Pironchamps,Wallonie,Hainaut,50.416698,4.516700
6782,Messancy Habergy,Wallonie,Luxembourg,49.616699,5.766700
7503,Tournai,Wallonie,Hainaut,50.599998,3.383300
1501,Halle,Vlaanderen,Vlaams Brabant,50.741001,4.232500
2322,Hoogstraten Minderhout,Vlaanderen,Antwerpen,51.416698,4.766700
3012,Leuven Wilsele,Vlaanderen,Vlaams Brabant,50.879601,4.700900
9150,Kruibeke,Vlaanderen,Oost-Vlaanderen,51.166698,4.316700
6543,Lobbes Bienne-lez-Happart,Wallonie,Hainaut,50.349998,4.250000
6824,Florenville Chassepierre,Wallonie,Luxembourg,49.700001,5.266700
6851,Paliseul Nollevaux,Wallonie,Luxembourg,49.883301,5.116700
7380,Quiévrain,Wallonie,Hainaut,50.407398,3.683500
7941,Brugelette Attre,Wallonie,Hainaut,50.607300,3.839200
1970,Wezembeek-Oppem,Vlaanderen,Vlaams Brabant,50.849998,4.483300
2150,Borsbeek,Vlaanderen,Antwerpen,51.200001,4.483300
6730,Tintigny Saint-Vincent,Wallonie,Luxembourg,49.683300,5.483300
7742,Pecq,Wallonie,Hainaut,50.683300,3.333300
1009,Senat de Belgique,Bruxelles-Capitale,Bruxelles,50.846600,4.352800
9870,Zulte,Vlaanderen,Oost-Vlaanderen,50.916698,3.433300
4032,Liège,Wallonie,Liège,50.641201,5.571800
4400,Flémalle Flémalle-Grande,Wallonie,Liège,50.599998,5.483300
1673,Pepingen,Vlaanderen,Vlaams Brabant,50.750000,4.150000
1930,Zaventem,Vlaanderen,Vlaams Brabant,50.883301,4.466700
3271,Scherpenheuvel-Zichem Averbode,Vlaanderen,Vlaams Brabant,51.000000,4.983300
4530,Villers-le-Bouillet Warnant-Dreye,Wallonie,Liège,50.608299,5.291700
5542,Hastière Blaimont,Wallonie,Namur,50.200001,4.833300
7812,Ath Villers-Saint-Amand,Wallonie,Hainaut,50.629398,3.778000
7860,Lessines,Wallonie,Hainaut,50.716702,3.833300
1703,Dilbeek Schepdaal,Vlaanderen,Vlaams Brabant,50.833302,4.183300
3730,Hoeselt Romershoven,Vlaanderen,Limburg,50.849998,5.466700
8670,Koksijde Wulpen,Vlaanderen,West-Vlaanderen,51.099998,2.700000
4557,Tinlot Ramelot,Wallonie,Liège,50.466702,5.333300
7940,Brugelette Cambron-Casteau,Wallonie,Hainaut,50.591099,3.882300
7942,Brugelette Mévergnies-lez-Lens,Wallonie,Hainaut,50.600300,3.866600
8432,Middelkerke,Vlaanderen,West-Vlaanderen,51.183300,2.816700
9700,Oudenaarde,Vlaanderen,Oost-Vlaanderen,50.849998,3.600000
5190,Jemeppe-sur-Sambre,Wallonie,Namur,50.438999,4.797200
1500,Halle,Vlaanderen,Vlaams Brabant,50.741001,4.232500
3061,Bertem,Vlaanderen,Vlaams Brabant,50.866699,4.633300
5564,Houyet,Wallonie,Namur,50.183300,5.016700
6044,Charleroi Roux,Wallonie,Hainaut,50.416698,4.433300
7040,Quévy Goegnies-Chaussée,Wallonie,Hainaut,50.341202,3.941700
1860,Meise,Vlaanderen,Vlaams Brabant,50.933300,4.333300
3220,Holsbeek,Vlaanderen,Vlaams Brabant,50.916698,4.750000
9130,Beveren Kallo,Vlaanderen,Oost-Vlaanderen,51.216702,4.250000
9470,Denderleeuw,Vlaanderen,Oost-Vlaanderen,50.883301,4.066700
4430,Ans,Wallonie,Liège,50.650002,5.533300
5651,Walcourt Tarcienne,Wallonie,Namur,50.299999,4.483300
7370,Dour Elouges,Wallonie,Hainaut,50.402401,3.751700
1160,Bruxelles,Bruxelles-Capitale,Bruxelles,50.846600,4.352800
8210,Zedelgem Veldegem,Vlaanderen,West-Vlaanderen,51.099998,3.166700
9120,Beveren Melsele,Vlaanderen,Oost-Vlaanderen,51.216702,4.283300
5020,Namur Daussoulx,Wallonie,Namur,50.516701,4.866700
6020,Charleroi,Wallonie,Hainaut,50.416698,4.433300
6530,Thuin Leers-et-Fosteau,Wallonie,Hainaut,50.333302,4.283300
7602,Péruwelz,Wallonie,Hainaut,50.508202,3.593700
2240,Zandhoven Viersel,Vlaanderen,Antwerpen,51.183300,4.633300
8791,Waregem,Vlaanderen,West-Vlaanderen,50.883301,3.416700
9000,Gent,Vlaanderen,Oost-Vlaanderen,51.049999,3.716700
5530,Yvoir Evrehailles,Wallonie,Namur,50.320400,4.912600
7390,Quaregnon,Wallonie,Hainaut,50.440701,3.865300
1731,Asse Zellik,Vlaanderen,Vlaams Brabant,50.883301,4.266700
2110,Wijnegem,Vlaanderen,Antwerpen,51.233299,4.533300
2550,Kontich,Vlaanderen,Antwerpen,51.133301,4.450000
8530,Harelbeke,Vlaanderen,West-Vlaanderen,50.849998,3.300000
6900,Marche-en-Famenne Waha,Wallonie,Luxembourg,50.216702,5.333300
7823,Ath,Wallonie,Hainaut,50.629398,3.778000
8434,Middelkerke Lombardsijde,Vlaanderen,West-Vlaanderen,51.150002,2.750000
4623,Fléron Magnée,Wallonie,Liège,50.599998,5.666700
7641,Antoing Bruyelle,Wallonie,Hainaut,50.557999,3.427900
7750,Mont-de-l'Enclus Russeignies,Wallonie,Hainaut,50.700500,3.275600
7972,Beloeil Aubechies,Wallonie,Hainaut,50.574200,3.676500
2235,Hulshout Westmeerbeek,Vlaanderen,Antwerpen,51.066700,4.850000
2627,Schelle,Vlaanderen,Antwerpen,51.133301,4.333300
2811,Mechelen Leest,Vlaanderen,Antwerpen,51.033298,4.416700
2970,Schilde,Vlaanderen,Antwerpen,51.233299,4.566700
3600,Diepenbeek Genk,Vlaanderen,Limburg,51.001999,5.683600
9860,Oosterzele Moortsele,Vlaanderen,Oost-Vlaanderen,50.966702,3.783300
1330,Rixensart,Wallonie,Brabant Wallon,50.716702,4.533300
4120,Neupré Ehein,Wallonie,Liège,50.495201,5.567300
6870,Saint-Hubert Hatrival,Wallonie,Luxembourg,50.006001,5.348200
1761,Roosdaal Borchtlombeek,Vlaanderen,Vlaams Brabant,50.848999,4.137200
9042,Gent,Vlaanderen,Oost-Vlaanderen,51.049999,3.716700
9771,Kruishoutem Nokere,Vlaanderen,Oost-Vlaanderen,50.883301,3.500000
6762,Virton,Wallonie,Luxembourg,49.566700,5.533300
7130,Binche Battignies,Wallonie,Hainaut,50.416199,4.136300
7531,Tournai Havinnes,Wallonie,Hainaut,50.599998,3.383300
6688,Bertogne,Wallonie,Luxembourg,50.084999,5.668400
8840,Staden Oostnieuwkerke,Vlaanderen,West-Vlaanderen,50.933300,3.050000
9032,Gent,Vlaanderen,Oost-Vlaanderen,51.049999,3.716700
1404,Nivelles Bornival,Wallonie,Brabant Wallon,50.599998,4.266700
7041,Quévy Havay,Wallonie,Hainaut,50.361198,3.983700
7533,Tournai,Wallonie,Hainaut,50.599998,3.383300
2328,Hoogstraten Meerle,Vlaanderen,Antwerpen,51.466702,4.800000
3454,Geetbets Rummen,Vlaanderen,Vlaams Brabant,50.883301,5.166700
8780,Oostrozebeke,Vlaanderen,West-Vlaanderen,50.916698,3.333300
4602,Visé Cheratte,Wallonie,Liège,50.683300,5.666700
4760,Büllingen,Wallonie,Liège,50.407299,6.257500
7030,Mons,Wallonie,Hainaut,50.454102,3.952300
7730,Estaimpuis Saint-Léger,Wallonie,Hainaut,50.686100,3.275000
7906,Leuze-en-Hainaut Gallaix,Wallonie,Hainaut,50.552299,3.743100
2000,Antwerpen,Vlaanderen,Antwerpen,51.216702,4.416700
8930,Menen Rekkem,Vlaanderen,West-Vlaanderen,50.783298,3.150000
5332,Assesse Crupet,Wallonie,Namur,50.348301,4.960600
6280,Gerpinnes Villers-Poterie,Wallonie,Hainaut,50.349998,4.533300
1630,Linkebeek,Vlaanderen,Vlaams Brabant,50.766701,4.333300
8211,Zedelgem,Vlaanderen,West-Vlaanderen,51.150002,3.133300
8691,Alveringem,Vlaanderen,West-Vlaanderen,51.016701,2.716700
4761,Büllingen,Wallonie,Liège,50.407299,6.257500
4960,Malmedy Bevercé,Wallonie,Liège,50.450001,6.033300
6838,Bouillon Corbion,Wallonie,Luxembourg,49.799999,5.066700
7062,Soignies,Wallonie,Hainaut,50.578999,4.071300
3040,Huldenberg Neerijse,Vlaanderen,Vlaams Brabant,50.816700,4.616700
1380,Lasne Couture-Saint-Germain,Wallonie,Brabant Wallon,50.666698,4.466700
4453,Juprelle Villers-Saint-Siméon,Wallonie,Liège,50.716702,5.533300
2030,Antwerpen,Vlaanderen,Antwerpen,51.216702,4.416700
2290,Vorselaar,Vlaanderen,Antwerpen,51.200001,4.766700
8200,Brugge Sint-Andries,Vlaanderen,West-Vlaanderen,51.209801,3.225000
6671,Gouvy,Wallonie,Luxembourg,50.185001,5.941100
6921,Wellin,Wallonie,Luxembourg,50.083302,5.116700
2323,Hoogstraten Wortel,Vlaanderen,Antwerpen,51.400002,4.800000
3300,Tienen Goetsenhoven,Vlaanderen,Vlaams Brabant,50.766701,4.950000
8470,Gistel Moere,Vlaanderen,West-Vlaanderen,51.116699,2.950000
9840,De Pinte Zevergem,Vlaanderen,Oost-Vlaanderen,50.983299,3.700000
9988,Sint-Laureins Waterland-Oudeman,Vlaanderen,Oost-Vlaanderen,51.283298,3.583300
6986,La Roche-en-Ardenne,Wallonie,Luxembourg,50.224998,5.512500
7800,Ath,Wallonie,Hainaut,50.629398,3.778000
1602,Sint-Pieters-Leeuw Vlezenbeek,Vlaanderen,Vlaams Brabant,50.799999,4.233300
2018,Antwerpen,Vlaanderen,Antwerpen,51.216702,4.416700
2547,Lint,Vlaanderen,Antwerpen,51.133301,4.500000
8551,Zwevegem Heestert,Vlaanderen,West-Vlaanderen,50.783298,3.400000
8851,Ardooie Koolskamp,Vlaanderen,West-Vlaanderen,51.000000,3.200000
8952,Heuvelland,Vlaanderen,West-Vlaanderen,50.776001,2.822300
9688,Maarkedal,Vlaanderen,Oost-Vlaanderen,50.799999,3.666700
4161,Anthisnes Villers-aux-Tours,Wallonie,Liège,50.486698,5.503300
5660,Couvin Pesche,Wallonie,Namur,50.042900,4.457100
6500,Beaumont,Wallonie,Hainaut,50.233299,4.233300
3473,Kortenaken Waanrode,Vlaanderen,Vlaams Brabant,50.916698,5.000000
3830,Wellen Berlingen,Vlaanderen,Limburg,50.816700,5.300000
3920,Lommel,Vlaanderen,Limburg,51.233299,5.300000
1490,Court-Saint-Etienne,Wallonie,Brabant Wallon,50.650002,4.566700
4630,Soumagne,Wallonie,Liège,50.616699,5.750000
7910,Frasnes-lez-Anvaing Arc-Ainières,Wallonie,Hainaut,50.552299,3.743100
1031,Organisations Sociales Chrétiennes,Bruxelles-Capitale,Bruxelles,50.848301,4.368100
2321,Hoogstraten Meer,Vlaanderen,Antwerpen,51.450001,4.733300
9880,Aalter,Vlaanderen,Oost-Vlaanderen,51.083302,3.450000
4163,Anthisnes,Wallonie,Liège,50.483299,5.516700
4670,Blégny Trembleur,Wallonie,Liège,50.700001,5.716700
4770,Amel Meyrode,Wallonie,Liège,50.329201,6.189200
6180,Courcelles,Wallonie,Hainaut,50.466702,4.366700
1851,Grimbergen Humbeek,Vlaanderen,Vlaams Brabant,50.966702,4.383300
2100,Antwerpen Deurne,Vlaanderen,Antwerpen,51.216702,4.416700
9060,Zelzate,Vlaanderen,Oost-Vlaanderen,51.200001,3.816700
9961,Assenede Boekhoute,Vlaanderen,Oost-Vlaanderen,51.250000,3.716700
1420,Braine-l'Alleud Braine-l'Alleud,Wallonie,Brabant Wallon,50.633900,4.402100
4030,Liège Grivegnée,Wallonie,Liège,50.641201,5.571800
4470,Saint-Georges-sur-Meuse,Wallonie,Liège,50.662399,5.494100
6590,Momignies,Wallonie,Hainaut,50.033298,4.166700
7334,Saint-Ghislain Villerot,Wallonie,Hainaut,50.486301,3.790500
1050,Bruxelles,Bruxelles-Capitale,Bruxelles,50.846600,4.352800
1981,Zemst,Vlaanderen,Vlaams Brabant,50.983299,4.466700
3200,Aarschot Gelrode,Vlaanderen,Vlaams Brabant,50.966702,4.800000
8830,Hooglede,Vlaanderen,West-Vlaanderen,50.983299,3.083300
3001,Leuven,Vlaanderen,Vlaams Brabant,50.879601,4.700900
9681,Maarkedal Nukerke,Vlaanderen,Oost-Vlaanderen,50.799999,3.583300
9982,Sint-Laureins,Vlaanderen,Oost-Vlaanderen,51.250000,3.516700
6042,Charleroi Lodelinsart,Wallonie,Hainaut,50.416698,4.433300
6750,Musson Signeulx,Wallonie,Luxembourg,49.549999,5.633300
4171,Comblain-au-Pont,Wallonie,Liège,50.495201,5.567300
4880,Aubel,Wallonie,Liège,50.700001,5.850000
6592,Momignies Monceau-Imbrechies,Wallonie,Hainaut,50.033298,4.216700
8770,Ingelmunster,Vlaanderen,West-Vlaanderen,50.916698,3.250000
5537,Anhée Annevoie-Rouillon,Wallonie,Namur,50.349998,4.833300
5571,Beauraing Wiesme,Wallonie,Namur,50.150002,4.983300
7782,Comines-Warneton,Wallonie,Hainaut,50.759399,2.960000
3621,Lanaken Rekem,Vlaanderen,Limburg,50.916698,5.700000
3791,Voeren,Vlaanderen,Limburg,50.733299,5.883300
8953,Heuvelland,Vlaanderen,West-Vlaanderen,50.776001,2.822300
1472,Genappe Vieux-Genappe,Wallonie,Brabant Wallon,50.599998,4.433300
4877,Olne,Wallonie,Liège,50.583302,5.750000
3631,Maasmechelen Uikhoven,Vlaanderen,Limburg,50.916698,5.733300
3990,Peer Kleine-Brogel,Vlaanderen,Limburg,51.166698,5.433300
8958,Heuvelland,Vlaanderen,West-Vlaanderen,50.776001,2.822300
4683,Oupeye Vivegnis,Wallonie,Liège,50.700001,5.650000
7862,Lessines,Wallonie,Hainaut,50.716702,3.833300
7911,Frasnes-lez-Anvaing Hacquegnies,Wallonie,Hainaut,50.552299,3.743100
1745,Opwijk Mazenzele,Vlaanderen,Vlaams Brabant,50.950001,4.166700
8870,Izegem,Vlaanderen,West-Vlaanderen,50.916698,3.200000
4560,Clavier Pailhe,Wallonie,Liège,50.416698,5.266700
7530,Tournai Gaurain-Ramecroix,Wallonie,Hainaut,50.599998,3.383300
3630,Maasmechelen Vucht,Vlaanderen,Limburg,50.983299,5.716700
1348,Ottignies-Louvain-la-Neuve Louvain-la-Neuve,Wallonie,Brabant Wallon,50.705700,4.748400
6720,Habay,Wallonie,Luxembourg,49.700001,5.683300
6741,Etalle,Wallonie,Luxembourg,49.683300,5.600000
7864,Lessines,Wallonie,Hainaut,50.716702,3.833300
8647,Lo-Reninge,Vlaanderen,West-Vlaanderen,50.958302,2.775000
7321,Bernissart Harchies,Wallonie,Hainaut,50.479599,3.693500
7640,Antoing Péronnes-lez-Antoing,Wallonie,Hainaut,50.558800,3.477000
7803,Ath,Wallonie,Hainaut,50.629398,3.778000
7866,Lessines Ollignies,Wallonie,Hainaut,50.683300,3.850000
3471,Kortenaken Hoeleden,Vlaanderen,Vlaams Brabant,50.866699,4.983300
6461,Chimay,Wallonie,Hainaut,50.049999,4.316700
7120,Estinnes Croix-lez-Rouveroy,Wallonie,Hainaut,50.366299,4.095700
9472,Denderleeuw Iddergem,Vlaanderen,Oost-Vlaanderen,50.866699,4.033300
9980,Sint-Laureins,Vlaanderen,Oost-Vlaanderen,51.250000,3.516700
2140,Antwerpen,Vlaanderen,Antwerpen,51.216702,4.416700
9320,Aalst,Vlaanderen,Oost-Vlaanderen,50.933300,4.033300
7801,Ath,Wallonie,Hainaut,50.629398,3.778000
1430,Rebecq Quenast,Wallonie,Brabant Wallon,50.666698,4.150000
1461,Ittre Haut-Ittre,Wallonie,Brabant Wallon,50.650002,4.300000
4031,Liège,Wallonie,Liège,50.641201,5.571800
6141,Fontaine-l'Evêque,Wallonie,Hainaut,50.452400,4.340500
7822,Ath Ghislenghien,Wallonie,Hainaut,50.629398,3.778000
2900,Schoten,Vlaanderen,Antwerpen,51.250000,4.500000
3050,Oud-Heverlee,Vlaanderen,Vlaams Brabant,50.833302,4.666700
8553,Zwevegem,Vlaanderen,West-Vlaanderen,50.799999,3.333300
9080,Lochristi Zeveneken,Vlaanderen,Oost-Vlaanderen,51.099998,3.900000
9680,Maarkedal Maarke-Kerkem,Vlaanderen,Oost-Vlaanderen,50.799999,3.650000
1450,Chastre Saint-Géry,Wallonie,Brabant Wallon,50.583302,4.616700
5340,Gesves Haltinne,Wallonie,Namur,50.450001,5.083300
6032,Charleroi,Wallonie,Hainaut,50.416698,4.433300
7340,Colfontaine Pâturages,Wallonie,Hainaut,50.407200,3.855000
3202,Aarschot,Vlaanderen,Vlaams Brabant,50.983299,4.833300
8552,Zwevegem,Vlaanderen,West-Vlaanderen,50.799999,3.333300
9900,Eeklo,Vlaanderen,Oost-Vlaanderen,51.183300,3.566700
6593,Momignies,Wallonie,Hainaut,50.033298,4.166700
1654,Beersel Huizingen,Vlaanderen,Vlaams Brabant,50.750000,4.283300
2800,Mechelen Walem,Vlaanderen,Antwerpen,51.066700,4.466700
5650,Walcourt Fontenelle,Wallonie,Namur,50.250000,4.383300
7100,La Louvière Saint-Vaast,Wallonie,Hainaut,50.450001,4.150000
7604,Péruwelz Wasmes-Audemez-Briffoeil,Wallonie,Hainaut,50.538502,3.559100
1640,Sint-Genesius-Rode,Vlaanderen,Vlaams Brabant,50.750000,4.350000
1785,Merchtem Brussegem,Vlaanderen,Vlaams Brabant,50.933300,4.266700
1804,Cargovil,Vlaanderen,Vlaams Brabant Halle-Vilvoorde,50.947300,4.427300
8950,Heuvelland,Vlaanderen,West-Vlaanderen,50.776001,2.822300
4263,Braives,Wallonie,Liège,50.633301,5.150000
7320,Bernissart,Wallonie,Hainaut,50.474602,3.649600
3650,Dilsen-Stokkem,Vlaanderen,Limburg,51.016701,5.750000
9667,Horebeke Sint-Maria-Horebeke,Vlaanderen,Oost-Vlaanderen,50.838799,3.687500
1341,Ottignies-Louvain-la-Neuve Céroux-Mousty,Wallonie,Brabant Wallon,50.705700,4.748400
1620,Drogenbos,Vlaanderen,Vlaams Brabant,50.783298,4.316700
8972,Poperinge,Vlaanderen,West-Vlaanderen,50.849998,2.716700
6140,Fontaine-l'Evêque,Wallonie,Hainaut,50.452400,4.340500
6833,Bouillon Ucimont,Wallonie,Luxembourg,49.833302,5.033300
1030,Bruxelles Schaarbeek,Bruxelles-Capitale,Bruxelles,50.849998,4.383300
1190,Bruxelles,Bruxelles-Capitale,Bruxelles,50.846600,4.352800
1780,Wemmel,Vlaanderen,Vlaams Brabant,50.916698,4.300000
2040,Antwerpen Berendrecht,Vlaanderen,Antwerpen,51.216702,4.416700
3270,Scherpenheuvel-Zichem,Vlaanderen,Vlaams Brabant,51.000000,4.983300
1435,Mont-Saint-Guibert,Wallonie,Brabant Wallon,50.633301,4.616700
4802,Verviers,Wallonie,Liège,50.583302,5.866700
5032,Gembloux Bothey,Wallonie,Namur,50.516701,4.650000
6061,Charleroi,Wallonie,Hainaut,50.416698,4.433300
7784,Comines-Warneton Warneton,Wallonie,Hainaut,50.759399,2.960000
9404,Ninove,Vlaanderen,Oost-Vlaanderen,50.833302,4.016700
6717,Attert Tontelange,Wallonie,Luxembourg,49.733299,5.800000
7850,Enghien,Wallonie,Hainaut,50.700001,4.033300
9970,Kaprijke,Vlaanderen,Oost-Vlaanderen,51.216702,3.600000
5520,Onhaye Anthée,Wallonie,Namur,50.250000,4.750000
8810,Lichtervelde,Vlaanderen,West-Vlaanderen,51.033298,3.150000
1390,Grez-Doiceau,Wallonie,Brabant Wallon,50.733299,4.700000
6200,Châtelet,Wallonie,Hainaut,50.400002,4.516700
7330,Saint-Ghislain,Wallonie,Hainaut,50.448200,3.818900
8710,Wielsbeke Ooigem,Vlaanderen,West-Vlaanderen,50.883301,3.333300
5364,Hamois,Wallonie,Namur,50.341900,5.157000
6990,Hotton Fronville,Wallonie,Luxembourg,50.299999,5.416700
7783,Comines-Warneton Bizet,Wallonie,Hainaut,50.759399,2.960000
8890,Moorslede Dadizele,Vlaanderen,West-Vlaanderen,50.849998,3.083300
9300,Aalst,Vlaanderen,Oost-Vlaanderen,50.933300,4.033300
9921,Lovendegem,Vlaanderen,Oost-Vlaanderen,51.099998,3.600000
4910,Theux,Wallonie,Liège,50.533298,5.816700
6850,Paliseul Carlsbourg,Wallonie,Luxembourg,49.900002,5.083300
1670,Pepingen,Vlaanderen,Vlaams Brabant,50.750000,4.150000
2280,Grobbendonk,Vlaanderen,Antwerpen,51.200001,4.716700
3590,Diepenbeek,Vlaanderen,Limburg,50.900002,5.400000
4801,Verviers Stembert,Wallonie,Liège,50.583302,5.900000
5641,Mettet Furnaux,Wallonie,Namur,50.299999,4.700000
6686,Bertogne Flamierge,Wallonie,Luxembourg,50.084999,5.668400
7020,Mons Masnuy-Saint-Jean,Wallonie,Hainaut,50.454102,3.952300
7542,Tournai Mont-Saint-Aubert,Wallonie,Hainaut,50.599998,3.383300
1950,Kraainem,Vlaanderen,Vlaams Brabant,50.866699,4.466700
4700,Eupen,Wallonie,Liège,50.633301,6.033300
5363,Hamois,Wallonie,Namur,50.341900,5.157000
5646,Mettet,Wallonie,Namur,50.316700,4.666700
7600,Péruwelz,Wallonie,Hainaut,50.508202,3.593700
3054,Oud-Heverlee Vaalbeek,Vlaanderen,Vlaams Brabant,50.833302,4.683300
8900,Ieper Dikkebus,Vlaanderen,West-Vlaanderen,50.816700,2.816700
4851,Plombières Sippenaeken,Wallonie,Liège,50.750000,5.933300
6940,Durbuy Wéris,Wallonie,Luxembourg,50.333302,5.533300
6970,Tenneville,Wallonie,Luxembourg,50.099998,5.533300
1083,Bruxelles Ganshoren,Bruxelles-Capitale,Bruxelles,50.866699,4.300000
8450,Bredene,Vlaanderen,West-Vlaanderen,51.233299,2.966700
8587,Spiere-Helkijn Helkijn,Vlaanderen,West-Vlaanderen,50.733299,3.383300
9810,Nazareth,Vlaanderen,Oost-Vlaanderen,51.000000,3.650000
5333,Assesse Sorinne-la-Longue,Wallonie,Namur,50.371399,5.023200
3060,Bertem,Vlaanderen,Vlaams Brabant,50.866699,4.633300
9090,Melle,Vlaanderen,Oost-Vlaanderen,51.000000,3.800000
6960,Manhay Harre,Wallonie,Luxembourg,50.351601,5.657400
3401,Landen Waasmont,Vlaanderen,Vlaams Brabant,50.733299,5.066700
8580,Avelgem,Vlaanderen,West-Vlaanderen,50.766701,3.433300
8860,Lendelede,Vlaanderen,West-Vlaanderen,50.883301,3.233300
8978,Poperinge,Vlaanderen,West-Vlaanderen,50.849998,2.716700
9030,Gent Mariakerke,Vlaanderen,Oost-Vlaanderen,51.049999,3.716700
9830,Sint-Martens-Latem,Vlaanderen,Oost-Vlaanderen,51.016701,3.633300
4151,Anthisnes,Wallonie,Liège,50.483299,5.516700
4900,Spa,Wallonie,Liège,50.500000,5.866700
5330,Assesse Sart-Bernard,Wallonie,Namur,50.404400,4.949100
9260,Wichelen Serskamp,Vlaanderen,Oost-Vlaanderen,50.983299,3.916700
4218,Héron,Wallonie,Liège,50.549999,5.083300
2330,Merksplas,Vlaanderen,Antwerpen,51.366699,4.866700
2380,Ravels,Vlaanderen,Antwerpen,51.366699,5.000000
9636,Zwalm Nederzwalm,Vlaanderen,Oost-Vlaanderen,50.883301,3.683300
6983,La Roche-en-Ardenne,Wallonie,Luxembourg,50.224998,5.512500
7191,Ecaussinnes Ecaussinnes-Lalaing,Wallonie,Hainaut,50.566700,4.183300
8790,Waregem,Vlaanderen,West-Vlaanderen,50.883301,3.416700
9041,Gent,Vlaanderen,Oost-Vlaanderen,51.049999,3.716700
9981,Sint-Laureins Sint-Margriete,Vlaanderen,Oost-Vlaanderen,51.282200,3.546400
6821,Florenville Lacuisine,Wallonie,Luxembourg,49.716702,5.316700
9930,Zomergem,Vlaanderen,Oost-Vlaanderen,51.116699,3.550000
9991,Maldegem,Vlaanderen,Oost-Vlaanderen,51.216702,3.450000
5590,Ciney Conneux,Wallonie,Namur,50.250000,5.066700
1760,Roosdaal Onze-Lieve-Vrouw-Lombeek,Vlaanderen,Vlaams Brabant,50.816700,4.100000
3384,Glabbeek Attenrode,Vlaanderen,Vlaams Brabant,50.883301,4.916700
3792,Voeren Sint-Pieters-Voeren,Vlaanderen,Limburg,50.733299,5.816700
6834,Bouillon,Wallonie,Luxembourg,49.799999,5.066700
2880,Bornem Weert,Vlaanderen,Antwerpen,51.099998,4.200000
8792,Waregem Desselgem,Vlaanderen,West-Vlaanderen,50.883301,3.333300
9250,Waasmunster,Vlaanderen,Oost-Vlaanderen,51.099998,4.083300
4633,Soumagne Melen,Wallonie,Liège,50.650002,5.733300
7610,Rumes,Wallonie,Hainaut,50.549999,3.300000
7622,Brunehaut Laplaigne,Wallonie,Hainaut,50.539001,3.490200
1830,Machelen,Vlaanderen,Vlaams Brabant,50.916698,4.433300
1934,Bruxelles X-Aeroport Remailing,Vlaanderen,Vlaams Brabant Halle-Vilvoorde,50.892300,4.487800
3660,Opglabbeek,Vlaanderen,Limburg,51.049999,5.583300
8640,Vleteren Oostvleteren,Vlaanderen,West-Vlaanderen,50.933300,2.733300
4020,Liège,Wallonie,Liège,50.641201,5.571800
6238,Pont-à-Celles Liberchies,Wallonie,Hainaut,50.438702,4.525400
1170,Bruxelles Watermael-Boitsfort,Bruxelles-Capitale,Bruxelles,50.799999,4.400000
3320,Hoegaarden,Vlaanderen,Vlaams Brabant,50.783298,4.900000
8820,Torhout,Vlaanderen,West-Vlaanderen,51.066700,3.100000
5503,Dinant Sorinnes,Wallonie,Namur,50.266701,4.983300
5555,Bièvre Baillamont,Wallonie,Namur,49.900002,5.033300
6224,Fleurus,Wallonie,Hainaut,50.481400,4.548800
1650,Beersel,Vlaanderen,Vlaams Brabant,50.766701,4.300000
4845,Jalhay Sart-lez-Spa,Wallonie,Liège,50.566700,5.966700
6690,Vielsalm Bihain,Wallonie,Luxembourg,50.233299,5.816700
6929,Daverdisse,Wallonie,Luxembourg,50.016701,5.116700
1861,Meise,Vlaanderen,Vlaams Brabant,50.933300,4.333300
3930,Hamont-Achel Achel,Vlaanderen,Limburg,51.250000,5.483300
4710,Lontzen,Wallonie,Liège,50.683300,6.000000
4782,Sankt Vith,Wallonie,Liège,50.283298,6.133300
2340,Beerse Vlimmeren,Vlaanderen,Antwerpen,51.299999,4.783300
1674,Pepingen Bellingen,Vlaanderen,Vlaams Brabant,50.750000,4.150000
3690,Zutendaal,Vlaanderen,Limburg,50.933300,5.566700
9308,Aalst,Vlaanderen,Oost-Vlaanderen,50.933300,4.033300
6594,Momignies,Wallonie,Hainaut,50.033298,4.166700
3221,Holsbeek,Vlaanderen,Vlaams Brabant,50.916698,4.750000
9968,Assenede Bassevelde,Vlaanderen,Oost-Vlaanderen,51.233299,3.683300
1428,Braine-l'Alleud,Wallonie,Brabant Wallon,50.633900,4.402100
1007,Ass. Commiss. Communau. française,Bruxelles-Capitale,Bruxelles,50.846600,4.352800
4210,Burdinne Oteppe,Wallonie,Liège,50.583302,5.133300
4780,Sankt Vith,Wallonie,Liège,50.283298,6.133300
5080,La Bruyère Rhisnes,Wallonie,Namur,50.500000,4.800000
6142,Fontaine-l'Evêque,Wallonie,Hainaut,50.452400,4.340500
2930,Brasschaat,Vlaanderen,Antwerpen,51.283298,4.450000
3501,Hasselt,Vlaanderen,Limburg,50.933300,5.333300
3510,Hasselt,Vlaanderen,Limburg,50.933300,5.333300
8720,Dentergem Oeselgem,Vlaanderen,West-Vlaanderen,50.933300,3.433300
8740,Pittem Egem,Vlaanderen,West-Vlaanderen,51.016701,3.266700
9450,Haaltert,Vlaanderen,Oost-Vlaanderen,50.900002,4.000000
4347,Fexhe-le-Haut-Clocher Freloux,Wallonie,Liège,50.683300,5.450000
2400,Mol,Vlaanderen,Antwerpen,51.183300,5.100000
6470,Sivry-Rance Grandrieu,Wallonie,Hainaut,50.150002,4.266700
1800,Vilvoorde Peutie,Vlaanderen,Vlaams Brabant,50.933300,4.450000
2861,Sint-Katelijne-Waver,Vlaanderen,Antwerpen,51.066700,4.533300
3511,Hasselt,Vlaanderen,Limburg,50.933300,5.333300
4170,Comblain-au-Pont,Wallonie,Liège,50.495201,5.567300
7901,Leuze-en-Hainaut Thieulain,Wallonie,Hainaut,50.552299,3.743100
1651,Beersel Lot,Vlaanderen,Vlaams Brabant,50.766701,4.266700
2850,Boom,Vlaanderen,Antwerpen,51.083302,4.366700
3770,Riemst Zichen-Zussen-Bolder,Vlaanderen,Limburg,50.783298,5.616700
3970,Leopoldsburg,Vlaanderen,Limburg,51.116699,5.250000
4632,Soumagne,Wallonie,Liège,50.616699,5.750000
5150,Floreffe,Wallonie,Namur,50.433300,4.783300
5570,Beauraing Baronville,Wallonie,Namur,50.133301,4.950000
7500,Tournai Saint-Maur,Wallonie,Hainaut,50.566700,3.383300
2490,Balen,Vlaanderen,Antwerpen,51.166698,5.150000
1008,Chambre des Représentants,Bruxelles-Capitale,Bruxelles,50.846600,4.352800
3111,Rotselaar Wezemaal,Vlaanderen,Vlaams Brabant,50.950001,4.766700
4360,Oreye,Wallonie,Liège,50.733299,5.366700
5543,Hastière,Wallonie,Namur,50.216702,4.833300
7322,Bernissart Ville-Pommeroeul,Wallonie,Hainaut,50.471500,3.730600
7520,Tournai Ramegnies-Chin,Wallonie,Hainaut,50.599998,3.383300
1047,Parlement Européen,Bruxelles-Capitale,Bruxelles,50.841202,4.370400
9180,Moerbeke-Waas,Vlaanderen,Oost-Vlaanderen,51.166698,3.933300
5003,Namur,Wallonie,Namur,50.466702,4.866700
6800,Libramont-Chevigny Recogne,Wallonie,Luxembourg,49.840698,5.251500
6997,Erezée,Wallonie,Luxembourg,50.299999,5.550000
5031,Gembloux,Wallonie,Namur,50.566700,4.683300
5620,Florennes Saint-Aubin,Wallonie,Namur,50.250000,4.583300
7618,Rumes,Wallonie,Hainaut,50.549999,3.300000
2650,Edegem,Vlaanderen,Antwerpen,51.150002,4.450000
9240,Zele,Vlaanderen,Oost-Vlaanderen,51.066700,4.033300
4653,Herve,Wallonie,Liège,50.633301,5.800000
7912,Frasnes-lez-Anvaing,Wallonie,Hainaut,50.552299,3.743100
1200,Bruxelles,Bruxelles-Capitale,Bruxelles,50.846600,4.352800
2180,Antwerpen,Vlaanderen,Antwerpen,51.216702,4.416700
8420,De Haan Klemskerke,Vlaanderen,West-Vlaanderen,51.250000,3.016700
9550,Herzele,Vlaanderen,Oost-Vlaanderen,50.883301,3.883300
1342,Ottignies-Louvain-la-Neuve Limelette,Wallonie,Brabant Wallon,50.705700,4.748400
5334,Assesse,Wallonie,Namur,50.371399,5.023200
6000,Charleroi,Wallonie,Hainaut,50.416698,4.433300
7033,Mons,Wallonie,Hainaut,50.454102,3.952300
3461,Bekkevoort Molenbeek-Wersbeek,Vlaanderen,Vlaams Brabant,50.916698,4.950000
9051,Gent Afsnee,Vlaanderen,Oost-Vlaanderen,51.049999,3.716700
7538,Tournai,Wallonie,Hainaut,50.599998,3.383300
1702,Dilbeek,Vlaanderen,Vlaams Brabant,50.849998,4.266700
8940,Wervik,Vlaanderen,West-Vlaanderen,50.783298,3.033300
4287,Lincent Pellaines,Wallonie,Liège,50.716702,5.016700
4711,Lontzen,Wallonie,Liège,50.683300,6.000000
5362,Hamois Achet,Wallonie,Namur,50.334202,5.176100
2491,Balen Olmen,Vlaanderen,Antwerpen,51.150002,5.166700
3560,Lummen Meldert,Vlaanderen,Limburg,50.974998,5.158300
4852,Plombières,Wallonie,Liège,50.733299,5.950000
6950,Nassogne,Wallonie,Luxembourg,50.133301,5.350000
1742,Ternat,Vlaanderen,Vlaams Brabant,50.866699,4.183300
3118,Rotselaar,Vlaanderen,Vlaams Brabant,50.950001,4.716700
8400,Oostende Stene,Vlaanderen,West-Vlaanderen,51.200001,2.916700
1480,Tubize Saintes,Wallonie,Brabant Wallon,50.700001,4.166700
5630,Cerfontaine Soumoy,Wallonie,Namur,50.183300,4.433300
3472,Kortenaken Kersbeek-Miskom,Vlaanderen,Vlaams Brabant,50.883301,5.000000
3746,Bilzen,Vlaanderen,Limburg,50.866699,5.516700
4432,Ans,Wallonie,Liège,50.650002,5.533300
6041,Charleroi Gosselies,Wallonie,Hainaut,50.533298,4.433300
7642,Antoing,Wallonie,Hainaut,50.566700,3.450000
1560,Hoeilaart,Vlaanderen,Vlaams Brabant,50.766701,4.466700
1853,Grimbergen Strombeek-Bever,Vlaanderen,Vlaams Brabant,50.900002,4.350000
3640,Kinrooi Ophoven,Vlaanderen,Limburg,51.116699,5.800000
3732,Hoeselt Schalkhoven,Vlaanderen,Limburg,50.833302,5.433300
9831,Sint-Martens-Latem,Vlaanderen,Oost-Vlaanderen,51.016701,3.633300
4750,Bütgenbach Elsenborn,Wallonie,Liège,50.440601,6.130300
5504,Dinant,Wallonie,Namur,50.266701,4.916700
7811,Ath,Wallonie,Hainaut,50.629398,3.778000
1700,Dilbeek,Vlaanderen,Vlaams Brabant,50.849998,4.266700
2845,Niel,Vlaanderen,Antwerpen,51.116699,4.333300
2890,Sint-Amands Lippelo,Vlaanderen,Antwerpen,51.049999,4.266700
3550,Heusden-Zolder Zolder,Vlaanderen,Limburg,51.016701,5.300000
3570,Alken,Vlaanderen,Limburg,50.866699,5.300000
3680,Maaseik Opoeteren,Vlaanderen,Limburg,51.066700,5.650000
1470,Genappe Bousval,Wallonie,Brabant Wallon,50.616699,4.500000
7623,Brunehaut Rongy,Wallonie,Hainaut,50.539001,3.490200
1401,Nivelles Baulers,Wallonie,Brabant Wallon,50.616699,4.350000
4257,Berloz Corswarem,Wallonie,Liège,50.700001,5.200000
1210,Bruxelles Saint-Josse-ten-Noode,Bruxelles-Capitale,Bruxelles,50.846600,4.352800
2390,Malle Oostmalle,Vlaanderen,Antwerpen,51.299999,4.733300
8460,Oudenburg Roksem,Vlaanderen,West-Vlaanderen,51.166698,3.033300
4601,Visé Argenteau,Wallonie,Liège,50.700001,5.700000
7780,Comines-Warneton Comines,Wallonie,Hainaut,50.759399,2.960000
1049,U.E.-Commission,Bruxelles-Capitale,Bruxelles,50.841202,4.370400
1070,Bruxelles Anderlecht,Bruxelles-Capitale,Bruxelles,50.833302,4.300000
2431,Herselt,Vlaanderen,Antwerpen,51.049999,4.883300
1421,Braine-l'Alleud Ophain-Bois-Seigneur-Isaac,Wallonie,Brabant Wallon,50.633900,4.402100
1474,Genappe Ways,Wallonie,Brabant Wallon,50.616699,4.450000
4357,Donceel,Wallonie,Liège,50.650002,5.316700
4701,Eupen,Wallonie,Liège,50.633301,6.033300
5500,Dinant Anseremme,Wallonie,Namur,50.250000,4.900000
5502,Dinant Thynes,Wallonie,Namur,50.279400,4.985100
6464,Chimay Forges,Wallonie,Hainaut,50.016701,4.333300
6780,Messancy,Wallonie,Luxembourg,49.599998,5.816700
6781,Messancy,Wallonie,Luxembourg,49.599998,5.816700
7804,Ath Ostiches,Wallonie,Hainaut,50.678600,3.759000
2387,Baarle-Hertog,Vlaanderen,Antwerpen,51.450001,4.933300
4610,Beyne-Heusay Queue-du-Bois,Wallonie,Liège,50.633301,5.658300
4452,Juprelle Paifve,Wallonie,Liège,50.733299,5.516700
6674,Gouvy,Wallonie,Luxembourg,50.185001,5.941100
1600,Sint-Pieters-Leeuw,Vlaanderen,Vlaams Brabant,50.783298,4.233300
3790,Voeren Moelingen,Vlaanderen,Limburg,50.750000,5.716700
9160,Lokeren Daknam,Vlaanderen,Oost-Vlaanderen,51.133301,3.983300
4831,Limbourg Bilstain,Wallonie,Liège,50.616699,5.916700
6110,Montigny-le-Tilleul,Wallonie,Hainaut,50.452400,4.340500
1041,International Press Center,Bruxelles-Capitale,Bruxelles,50.841202,4.370400
9031,Gent Drongen,Vlaanderen,Oost-Vlaanderen,51.049999,3.716700
6856,Paliseul Fays-les-Veneurs,Wallonie,Luxembourg,49.900002,5.133300
1201,R.T.L. - T.V.I.,Bruxelles-Capitale,Bruxelles,50.842499,4.426000
3470,Kortenaken Ransberg,Vlaanderen,Vlaams Brabant,50.883301,5.050000
8600,Diksmuide Sint-Jacobs-Kapelle,Vlaanderen,West-Vlaanderen,51.047401,2.847400
9500,Geraardsbergen,Vlaanderen,Oost-Vlaanderen,50.766701,3.866700
9920,Lovendegem,Vlaanderen,Oost-Vlaanderen,51.099998,3.600000
1367,Ramillies Huppaye,Wallonie,Brabant Wallon,50.683300,4.883300
3460,Bekkevoort,Vlaanderen,Vlaams Brabant,50.950001,4.966700
8310,Brugge,Vlaanderen,West-Vlaanderen,51.209801,3.225000
8480,Ichtegem Bekegem,Vlaanderen,West-Vlaanderen,51.166698,3.033300
4190,Ferrières,Wallonie,Liège,50.400002,5.600000
5351,Ohey,Wallonie,Namur,50.433300,5.133300
7350,Hensies Thulin,Wallonie,Hainaut,50.430099,3.740100
1090,Bruxelles Jette,Bruxelles-Capitale,Bruxelles,50.866699,4.333300
8904,Ieper Zuidschote,Vlaanderen,West-Vlaanderen,50.916698,2.833300
9070,Destelbergen,Vlaanderen,Oost-Vlaanderen,51.049999,3.800000
9620,Zottegem Strijpen,Vlaanderen,Oost-Vlaanderen,50.866699,3.783300
7506,Tournai,Wallonie,Hainaut,50.599998,3.383300
3140,Keerbergen,Vlaanderen,Vlaams Brabant,51.000000,4.616700
3380,Glabbeek,Vlaanderen,Vlaams Brabant,50.866699,4.950000
8370,Blankenberge Uitkerke,Vlaanderen,West-Vlaanderen,51.299999,3.133300
8531,Harelbeke Bavikhove,Vlaanderen,West-Vlaanderen,50.866699,3.300000
4280,Hannut Cras-Avernas,Wallonie,Liège,50.700001,5.116700
4681,Oupeye Hermalle-sous-Argenteau,Wallonie,Liège,50.700001,5.650000
4890,Thimister-Clermont Clermont,Wallonie,Liège,50.624401,5.876400
6250,Aiseau-Presles Presles,Wallonie,Hainaut,50.383301,4.583300
7301,Boussu Hornu,Wallonie,Hainaut,50.432800,3.827400
3000,Leuven,Vlaanderen,Vlaams Brabant,50.879601,4.700900
3400,Landen Neerwinden,Vlaanderen,Vlaams Brabant,50.766701,5.050000
3512,Hasselt,Vlaanderen,Limburg,50.933300,5.333300
5621,Florennes Morialmé,Wallonie,Namur,50.283298,4.566700
2222,Heist-op-den-Berg Wiekevorst,Vlaanderen,Antwerpen,51.160500,4.778400
3891,Gingelom Buvingen,Vlaanderen,Limburg,50.750000,5.166700
8560,Wevelgem,Vlaanderen,West-Vlaanderen,50.799999,3.166700
8630,Veurne Bulskamp,Vlaanderen,West-Vlaanderen,51.049999,2.650000
4590,Ouffet Warzée,Wallonie,Liège,50.450001,5.433300
6767,Rouvroy Dampicourt,Wallonie,Luxembourg,49.549999,5.500000
7110,La Louvière Strépy-Bracquegnies,Wallonie,Hainaut,50.472801,4.120200
2300,Turnhout,Vlaanderen,Antwerpen,51.316700,4.950000
8510,Kortrijk,Vlaanderen,West-Vlaanderen,50.827999,3.264900
4130,Esneux Tilff,Wallonie,Liège,50.566700,5.583300
6637,Fauvillers Tintange,Wallonie,Luxembourg,49.883301,5.750000
2640,Mortsel,Vlaanderen,Antwerpen,51.166698,4.466700
4431,Ans Loncin,Wallonie,Liège,50.666698,5.500000
4720,Kelmis,Wallonie,Liège,50.440601,6.130300
4834,Limbourg Goé,Wallonie,Liège,50.599998,5.966700
6662,Houffalize Tavigny,Wallonie,Luxembourg,50.108501,5.837900
7060,Soignies,Wallonie,Hainaut,50.578999,4.071300
2220,Heist-op-den-Berg Hallaar,Vlaanderen,Antwerpen,51.160500,4.778400
2230,Herselt,Vlaanderen,Antwerpen,51.049999,4.883300
2620,Hemiksem,Vlaanderen,Antwerpen,51.150002,4.350000
2830,Willebroek Blaasveld,Vlaanderen,Antwerpen,51.049999,4.366700
3110,Rotselaar,Vlaanderen,Vlaams Brabant,50.950001,4.716700
9881,Aalter Bellem,Vlaanderen,Oost-Vlaanderen,51.083302,3.500000
4577,Modave Strée-lez-Huy,Wallonie,Liège,50.477798,5.300000
4621,Fléron Retinne,Wallonie,Liège,50.633301,5.700000
5350,Ohey,Wallonie,Namur,50.433300,5.133300
6984,La Roche-en-Ardenne Hives,Wallonie,Luxembourg,50.224998,5.512500
1081,Bruxelles Koekelberg,Bruxelles-Capitale,Bruxelles,50.866699,4.333300
3890,Gingelom Montenaken,Vlaanderen,Limburg,50.716702,5.116700
7830,Silly,Wallonie,Hainaut,50.650002,3.916700
2610,Antwerpen,Vlaanderen,Antwerpen,51.216702,4.416700
4684,Oupeye Haccourt,Wallonie,Liège,50.733299,5.666700
5370,Havelange Flostoy,Wallonie,Namur,50.383301,5.183300
6972,Tenneville,Wallonie,Luxembourg,50.099998,5.533300
2600,Antwerpen,Vlaanderen,Antwerpen,51.216702,4.416700
4624,Fléron,Wallonie,Liège,50.616699,5.683300
6860,Léglise,Wallonie,Luxembourg,49.799999,5.533300
3910,Neerpelt Herent,Vlaanderen,Limburg,51.224998,5.450000
1325,Chaumont-Gistoux Dion-Valmont,Wallonie,Brabant Wallon,50.694401,4.722200
1331,Rixensart Rosières,Wallonie,Brabant Wallon,50.733299,4.550000
6740,Etalle,Wallonie,Luxembourg,49.683300,5.600000
9100,Sint-Niklaas Nieuwkerken-Waas,Vlaanderen,Oost-Vlaanderen,51.200001,4.183300
9400,Ninove Voorde,Vlaanderen,Oost-Vlaanderen,50.816700,3.950000
6640,Vaux-sur-Sûre Hompré,Wallonie,Luxembourg,49.883301,5.550000
7700,Mouscron,Wallonie,Hainaut,50.733299,3.216700
3742,Bilzen,Vlaanderen,Limburg,50.866699,5.516700
9971,Kaprijke,Vlaanderen,Oost-Vlaanderen,51.216702,3.600000
2660,Antwerpen Hoboken,Vlaanderen,Antwerpen,51.166698,4.350000
1414,Promo-Control,Wallonie,Brabant Wallon Nivelles,50.718300,4.385800
5352,Ohey,Wallonie,Namur,50.433300,5.133300
1010,Cité Administrative de l'Etat,Bruxelles-Capitale,Bruxelles,50.847599,4.342800
1547,Bever,Vlaanderen,Vlaams Brabant,50.916698,4.316700
1741,Ternat,Vlaanderen,Vlaams Brabant,50.866699,4.183300
1750,Lennik Sint-Kwintens-Lennik,Vlaanderen,Vlaams Brabant,50.807201,4.152300
5101,Namur Erpent,Wallonie,Namur,50.450001,4.900000
6040,Charleroi Jumet,Wallonie,Hainaut,50.416698,4.433300
2840,Rumst Terhagen,Vlaanderen,Antwerpen,51.083302,4.400000
1473,Genappe Glabais,Wallonie,Brabant Wallon,50.633301,4.450000
4672,Blégny Saint-Remy,Wallonie,Liège,50.700001,5.700000
7000,Mons,Wallonie,Hainaut,50.454102,3.952300
1045,D.I.V.,Bruxelles-Capitale,Bruxelles,50.841202,4.370400
5353,Ohey Goesnes,Wallonie,Namur,50.433300,5.216700
5380,Fernelmont Tillier,Wallonie,Namur,50.549999,4.950000
7621,Brunehaut Lesdain,Wallonie,Hainaut,50.539001,3.490200
1671,Pepingen,Vlaanderen,Vlaams Brabant,50.750000,4.150000
1880,Kapelle-op-den-Bos Ramsdonk,Vlaanderen,Vlaams Brabant,50.941200,4.386000
9402,Ninove Meerbeke,Vlaanderen,Oost-Vlaanderen,50.833302,4.033300
4040,Herstal,Wallonie,Liège,50.666698,5.633300
6230,Pont-à-Celles Viesville,Wallonie,Hainaut,50.438702,4.525400
1044,RTBF,Bruxelles-Capitale,Bruxelles,50.841202,4.370400
4731,Raeren,Wallonie,Liège,50.683300,6.116700
6600,Bastogne,Wallonie,Luxembourg,50.000000,5.716700
2920,Kalmthout,Vlaanderen,Antwerpen,51.383301,4.466700
1471,Genappe Loupoigne,Wallonie,Brabant Wallon,50.599998,4.433300
7802,Ath,Wallonie,Hainaut,50.629398,3.778000
2520,Ranst Oelegem,Vlaanderen,Antwerpen,51.216702,4.583300
3070,Kortenberg,Vlaanderen,Vlaams Brabant,50.883301,4.533300
4990,Lierneux Arbrefontaine,Wallonie,Liège,50.299999,5.833300
7601,Péruwelz Roucourt,Wallonie,Hainaut,50.528801,3.586300
2243,Zandhoven Pulle,Vlaanderen,Antwerpen,51.200001,4.700000
2950,Kapellen,Vlaanderen,Antwerpen,51.316700,4.433300
9420,Erpe-Mere Erpe,Vlaanderen,Oost-Vlaanderen,50.916698,3.966700
9520,Sint-Lievens-Houtem Vlierzele,Vlaanderen,Oost-Vlaanderen,50.933300,3.900000
4351,Remicourt,Wallonie,Liège,50.683300,5.333300
6830,Bouillon Les Hayons,Wallonie,Luxembourg,49.816700,5.133300
5501,Dinant,Wallonie,Namur,50.266701,4.916700
3370,Boutersem,Vlaanderen,Vlaams Brabant,50.849998,4.833300
5070,Fosses-la-Ville Aisemont,Wallonie,Namur,50.488602,4.769500
6747,Saint-Léger Meix-le-Tige,Wallonie,Luxembourg,49.625000,5.675000
7022,Mons Hyon,Wallonie,Hainaut,50.454102,3.952300
7387,Honnelles Roisin,Wallonie,Hainaut,50.332401,3.695500
3971,Leopoldsburg,Vlaanderen,Limburg,51.116699,5.250000
6150,Anderlues,Wallonie,Hainaut,50.400002,4.266700
7024,Mons,Wallonie,Hainaut,50.454102,3.952300
1931,Brucargo,Vlaanderen,Vlaams Brabant Halle-Vilvoorde,50.903301,4.452200
2580,Putte Peulis,Vlaanderen,Antwerpen,51.066700,4.650000
2960,Brecht Sint-Lenaarts,Vlaanderen,Antwerpen,51.349998,4.683300
1457,Walhain,Wallonie,Brabant Wallon,50.641701,4.700000
4458,Juprelle,Wallonie,Liège,50.716702,5.533300
6813,Chiny Termes,Wallonie,Luxembourg,49.716702,5.450000
7333,Saint-Ghislain Tertre,Wallonie,Hainaut,50.469200,3.812400
1080,Bruxelles Molenbeek-Saint-Jean,Bruxelles-Capitale,Bruxelles,50.849998,4.316700
8610,Kortemark Werken,Vlaanderen,West-Vlaanderen,51.033298,2.950000
4650,Herve Grand-Rechain,Wallonie,Liège,50.599998,5.816700
4837,Baelen,Wallonie,Liège,50.633301,5.966700
6700,Arlon,Wallonie,Luxembourg,49.683300,5.816700
7170,Manage La Hestre,Wallonie,Hainaut,50.466702,4.233300
7861,Lessines Wannebecq,Wallonie,Hainaut,50.693501,3.799300
2070,Zwijndrecht,Vlaanderen,Antwerpen,51.216702,4.333300
1402,Nivelles Thines,Wallonie,Brabant Wallon,50.599998,4.366700
3090,Overijse Eizer,Vlaanderen,Vlaams Brabant,50.766701,4.533300
9630,Zwalm Sint-Denijs-Boekel,Vlaanderen,Oost-Vlaanderen,50.866699,3.716700
4620,Fléron,Wallonie,Liège,50.616699,5.683300
4830,Limbourg,Wallonie,Liège,50.616699,5.933300
5561,Houyet,Wallonie,Namur,50.183300,5.016700
7536,Tournai Vaulx-lez-Tournai,Wallonie,Hainaut,50.599998,3.383300
3210,Lubbeek,Vlaanderen,Vlaams Brabant,50.883301,4.833300
3723,Kortessem,Vlaanderen,Limburg,50.866699,5.366700
8980,Zonnebeke,Vlaanderen,West-Vlaanderen,50.872601,2.987300
5030,Gembloux Ernage,Wallonie,Namur,50.593800,4.674300
1601,Sint-Pieters-Leeuw Ruisbroek,Vlaanderen,Vlaams Brabant,50.787498,4.216700
8957,Mesen,Vlaanderen,West-Vlaanderen,50.766701,2.900000
9185,Wachtebeke,Vlaanderen,Oost-Vlaanderen,51.166698,3.866700
4671,Blégny,Wallonie,Liège,50.666698,5.733300
2430,Laakdal Eindhout,Vlaanderen,Antwerpen,51.099998,5.000000
8793,Waregem,Vlaanderen,West-Vlaanderen,50.883301,3.416700
4250,Geer Lens-Saint-Servais,Wallonie,Liège,50.666698,5.150000
4690,Bassenge,Wallonie,Liège,50.766701,5.600000
4987,Stoumont Rahier,Wallonie,Liège,50.383301,5.783300
6060,Charleroi,Wallonie,Hainaut,50.416698,4.433300
1082,Bruxelles Berchem-Sainte-Agathe,Bruxelles-Capitale,Bruxelles,50.866699,4.283300
1541,Herne,Vlaanderen,Vlaams Brabant,50.716702,4.033300
1140,Bruxelles,Bruxelles-Capitale,Bruxelles,50.846600,4.352800
2590,Berlaar Gestel,Vlaanderen,Antwerpen,51.133301,4.650000
3941,Hechtel-Eksel Eksel,Vlaanderen,Limburg,51.150002,5.383300
9950,Waarschoot,Vlaanderen,Oost-Vlaanderen,51.150002,3.600000
6511,Beaumont Strée,Wallonie,Hainaut,50.233299,4.233300
7160,Chapelle-lez-Herlaimont Piéton,Wallonie,Hainaut,50.449501,4.176500
3798,Voeren 's Gravenvoeren,Vlaanderen,Limburg,50.766701,5.766700
8430,Middelkerke,Vlaanderen,West-Vlaanderen,51.183300,2.816700
9170,Sint-Gillis-Waas De Klinge,Vlaanderen,Oost-Vlaanderen,51.250000,4.100000
9572,Lierde Sint-Martens-Lierde,Vlaanderen,Oost-Vlaanderen,50.799999,3.816700
2630,Aartselaar,Vlaanderen,Antwerpen,51.133301,4.383300
3582,Beringen,Vlaanderen,Limburg,51.049999,5.216700
6642,Juseret,Wallonie,Luxembourg Bastogne,49.879700,5.549200
7603,Péruwelz Bon-Secours,Wallonie,Hainaut,50.498001,3.608200
3020,Herent Winksele,Vlaanderen,Vlaams Brabant,50.900002,4.650000
9230,Wetteren Westrem,Vlaanderen,Oost-Vlaanderen,50.966702,3.866700
4102,Seraing,Wallonie,Liège,50.599998,5.483300
7810,Ath,Wallonie,Hainaut,50.629398,3.778000
2500,Lier Koningshooikt,Vlaanderen,Antwerpen,51.099998,4.600000
8300,Knokke-Heist,Vlaanderen,West-Vlaanderen,51.349998,3.266700
9992,Maldegem Middelburg,Vlaanderen,Oost-Vlaanderen,51.250000,3.416700
4608,Dalhem Warsage,Wallonie,Liège,50.733299,5.766700
4784,Sankt Vith,Wallonie,Liège,50.283298,6.133300
2170,Antwerpen,Vlaanderen,Antwerpen,51.216702,4.416700
3191,Boortmeerbeek Hever,Vlaanderen,Vlaams Brabant,51.000000,4.550000
3840,Borgloon Bommershoven,Vlaanderen,Limburg,50.803001,5.318200
8902,Ieper Voormezele,Vlaanderen,West-Vlaanderen,50.816700,2.866700
4160,Anthisnes,Wallonie,Liège,50.483299,5.516700
5572,Beauraing,Wallonie,Namur,50.116699,4.966700
6941,Durbuy Bomal-sur-Ourthe,Wallonie,Luxembourg,50.368900,5.513200
1502,Halle,Vlaanderen,Vlaams Brabant,50.741001,4.232500
2540,Hove,Vlaanderen,Antwerpen,51.150002,4.466700
4980,Trois-Ponts,Wallonie,Liège,50.355000,5.920800
5024,Namur Gelbressée,Wallonie,Namur,50.516701,4.950000
1180,Bruxelles,Bruxelles-Capitale,Bruxelles,50.846600,4.352800
9661,Brakel,Vlaanderen,Oost-Vlaanderen,50.783298,3.800000
7950,Chièvres Grosage,Wallonie,Hainaut,50.545601,3.757500
2310,Rijkevorsel,Vlaanderen,Antwerpen,51.349998,4.766700
3800,Sint-Truiden Halmaal,Vlaanderen,Limburg,50.799999,5.133300
4122,Neupré Plainevaux,Wallonie,Liège,50.495201,5.567300
5081,La Bruyère Bovesse,Wallonie,Namur,50.516701,4.783300
1110,OTAN - NATO,Bruxelles-Capitale,Bruxelles,50.876499,4.422000
4654,Herve,Wallonie,Liège,50.633301,5.800000
6210,Les Bons Villers,Wallonie,Hainaut,50.513199,4.446600
1910,Kampenhout,Vlaanderen,Vlaams Brabant,50.950001,4.550000
3720,Kortessem,Vlaanderen,Limburg,50.866699,5.366700
6920,Wellin,Wallonie,Luxembourg,50.083302,5.116700
3071,Kortenberg,Vlaanderen,Vlaams Brabant,50.883301,4.533300
3793,Voeren Teuven,Vlaanderen,Limburg,50.750000,5.866700
3900,Overpelt,Vlaanderen,Limburg,51.216702,5.416700
8572,Anzegem,Vlaanderen,West-Vlaanderen,50.833302,3.466700
9255,Buggenhout,Vlaanderen,Oost-Vlaanderen,51.016701,4.200000
4480,Engis Hermalle-sous-Huy,Wallonie,Liège,50.583302,5.416700
4983,Trois-Ponts Basse-Bodeux,Wallonie,Liège,50.358898,5.826100
5022,Namur Cognelée,Wallonie,Namur,50.516701,4.900000
6596,Momignies Forge-Philippe,Wallonie,Hainaut,49.966702,4.266700
2350,Vosselaar,Vlaanderen,Antwerpen,51.316700,4.883300
9451,Haaltert Kerksken,Vlaanderen,Oost-Vlaanderen,50.883301,3.983300
4181,Hamoir,Wallonie,Liège,50.433300,5.533300
5377,Somme-Leuze Sinsin,Wallonie,Namur,50.283298,5.250000
5580,Rochefort Villers-sur-Lesse,Wallonie,Namur,50.160000,5.186000
6001,Charleroi Marcinelle,Wallonie,Hainaut,50.400002,4.433300
7900,Leuze-en-Hainaut,Wallonie,Hainaut,50.552299,3.743100
1818,VTM,Vlaanderen,Vlaams Brabant Halle-Vilvoorde,50.914200,4.399000
2560,Nijlen Kessel,Vlaanderen,Antwerpen,51.133301,4.616700
3700,Tongeren,Vlaanderen,Limburg,50.783298,5.466700
3722,Kortessem,Vlaanderen,Limburg,50.866699,5.366700
9690,Kluisbergen Ruien,Vlaanderen,Oost-Vlaanderen,50.847801,3.732100
6222,Fleurus,Wallonie,Hainaut,50.481400,4.548800
7740,Pecq Warcoing,Wallonie,Hainaut,50.700001,3.333300
1933,Zaventem,Vlaanderen,Vlaams Brabant,50.883301,4.466700
8620,Nieuwpoort Sint-Joris,Vlaanderen,West-Vlaanderen,51.133301,2.750000
9111,Sint-Niklaas,Vlaanderen,Oost-Vlaanderen,51.166698,4.133300
9770,Kruishoutem,Vlaanderen,Oost-Vlaanderen,50.900002,3.516700
5300,Andenne Seilles,Wallonie,Namur,50.500000,5.066700
6661,Houffalize Mont,Wallonie,Luxembourg,50.153500,5.769000
6681,Sainte-Ode,Wallonie,Luxembourg,50.083302,5.533300
6811,Chiny Les Bulles,Wallonie,Luxembourg,49.700001,5.416700
6922,Wellin,Wallonie,Luxembourg,50.083302,5.116700
3052,Oud-Heverlee,Vlaanderen,Vlaams Brabant,50.833302,4.666700
1476,Genappe Houtainle-Val,Wallonie,Brabant Wallon,50.609501,4.454800
2275,Lille,Vlaanderen,Antwerpen,51.233299,4.833300
3540,Herk-de-Stad,Vlaanderen,Limburg,50.955601,5.077800
8660,De Panne,Vlaanderen,West-Vlaanderen,51.099998,2.583300
8800,Roeselare Rumbeke,Vlaanderen,West-Vlaanderen,50.933300,3.166700
1460,Ittre Virginal-Samme,Wallonie,Brabant Wallon,50.633301,4.200000
5524,Onhaye,Wallonie,Namur,50.250000,4.833300
7382,Quiévrain Audregnies,Wallonie,Hainaut,50.383202,3.721300
7061,Soignies Thieusies,Wallonie,Hainaut,50.516701,4.050000
1105,SOC,,,50.834999,4.364700
3404,Landen Neerlanden,Vlaanderen,Vlaams Brabant,50.783298,5.083300
8582,Avelgem Outrijve,Vlaanderen,West-Vlaanderen,50.750000,3.416700
1360,Perwez Thorembais-Saint-Trond,Wallonie,Brabant Wallon,50.633301,4.783300
6760,Virton Bleid,Wallonie,Luxembourg,49.566700,5.633300
6951,Nassogne,Wallonie,Luxembourg,50.133301,5.350000
7540,Tournai Rumillies,Wallonie,Hainaut,50.599998,3.383300
3500,Hasselt,Vlaanderen,Limburg,50.933300,5.333300
3831,Wellen,Vlaanderen,Limburg,50.849998,5.316700
5354,Ohey Jallet,Wallonie,Namur,50.433300,5.166700
5361,Hamois Mohiville,Wallonie,Namur,50.316700,5.183300
5550,Vresse-sur-Semois,Wallonie,Namur,49.909500,5.026200
6534,Thuin,Wallonie,Hainaut,50.333302,4.283300
6832,Bouillon Sensenruth,Wallonie,Luxembourg,49.833302,5.083300
6880,Bertrix Cugnon,Wallonie,Luxembourg,49.799999,5.200000
7180,Seneffe,Wallonie,Hainaut,50.516701,4.250000
7332,Saint-Ghislain,Wallonie,Hainaut,50.448200,3.818900
3940,Hechtel-Eksel,Vlaanderen,Limburg,51.150002,5.383300
8581,Avelgem Waarmaarde,Vlaanderen,West-Vlaanderen,50.783298,3.483300
4121,Neupré,Wallonie,Liège,50.495201,5.567300
4520,Wanze Vinalmont,Wallonie,Liège,50.566700,5.216700
7010,S.H.A.P.E. Belgique,Wallonie,Hainaut Mons,50.504101,3.975400
7760,Celles,Wallonie,Hainaut,50.716702,3.450000
7971,Beloeil Wadelincourt,Wallonie,Hainaut,50.537701,3.648700
8760,Meulebeke,Vlaanderen,West-Vlaanderen,50.950001,3.283300
4350,Remicourt Lamine,Wallonie,Liège,50.683300,5.333300
4606,Dalhem,Wallonie,Liège,50.716702,5.716700
5541,Hastière Hastière-par-Delà,Wallonie,Namur,50.216702,4.833300
1770,Liedekerke,Vlaanderen,Vlaams Brabant,50.866699,4.083300
4140,Sprimont Rouvreux,Wallonie,Liège,50.483299,5.650000
5002,Namur,Wallonie,Namur,50.466702,4.866700
7181,Seneffe,Wallonie,Hainaut,50.516701,4.250000
2060,Antwerpen,Vlaanderen,Antwerpen,51.216702,4.416700
2360,Oud-Turnhout,Vlaanderen,Antwerpen,51.316700,4.983300
9190,Stekene Kemzeke,Vlaanderen,Oost-Vlaanderen,51.200001,4.083300
9990,Maldegem,Vlaanderen,Oost-Vlaanderen,51.216702,3.450000
6462,Chimay,Wallonie,Hainaut,50.049999,4.316700
6852,Paliseul Maissin,Wallonie,Luxembourg,49.966702,5.183300
2860,Sint-Katelijne-Waver,Vlaanderen,Antwerpen,51.066700,4.533300
8490,Jabbeke Varsenare,Vlaanderen,West-Vlaanderen,51.183300,3.150000
9570,Lierde Deftinge,Vlaanderen,Oost-Vlaanderen,50.783298,3.833300
1755,Gooik,Vlaanderen,Vlaams Brabant,50.799999,4.116700
4053,Chaudfontaine Embourg,Wallonie,Liège,50.599998,5.600000
5372,Havelange,Wallonie,Namur,50.383301,5.233300
6532,Thuin,Wallonie,Hainaut,50.333302,4.283300
7133,Binche,Wallonie,Hainaut,50.400002,4.166700
3350,Linter Wommersom,Vlaanderen,Vlaams Brabant,50.816700,5.016700
3721,Kortessem Vliermaalroot,Vlaanderen,Limburg,50.866699,5.416700
8500,Kortrijk,Vlaanderen,West-Vlaanderen,50.827999,3.264900
8501,Kortrijk Heule,Vlaanderen,West-Vlaanderen,50.837502,3.238200
8550,Zwevegem,Vlaanderen,West-Vlaanderen,50.799999,3.333300
9200,Dendermonde Schoonaarde,Vlaanderen,Oost-Vlaanderen,51.000000,4.016700
4771,Amel,Wallonie,Liège,50.362598,6.218300
4821,Dison,Wallonie,Liège,50.616699,5.850000
6672,Gouvy,Wallonie,Luxembourg,50.185001,5.941100
6952,Nassogne Grune,Wallonie,Luxembourg,50.150002,5.383300
7781,Comines-Warneton,Wallonie,Hainaut,50.759399,2.960000
1130,Bruxelles,Bruxelles-Capitale,Bruxelles,50.846600,4.352800
2812,Mechelen,Vlaanderen,Antwerpen,51.033298,4.466700
3201,Aarschot,Vlaanderen,Vlaams Brabant,50.983299,4.833300
8954,Heuvelland,Vlaanderen,West-Vlaanderen,50.776001,2.822300
6680,Sainte-Ode,Wallonie,Luxembourg,50.083302,5.533300
7140,Morlanwelz Morlanwelz-Mariemont,Wallonie,Hainaut,50.450001,4.233300
1820,Steenokkerzeel Perk,Vlaanderen,Vlaams Brabant,50.933300,4.500000
8431,Middelkerke,Vlaanderen,West-Vlaanderen,51.183300,2.816700
1740,Ternat,Vlaanderen,Vlaams Brabant,50.866699,4.183300
1932,Zaventem Sint-Stevens-Woluwe,Vlaanderen,Vlaams Brabant,50.866699,4.450000
4342,Awans Hognoul,Wallonie,Liège,50.683300,5.433300
4841,Welkenraedt Henri-Chapelle,Wallonie,Liège,50.666698,5.933300
6687,Bertogne,Wallonie,Luxembourg,50.084999,5.668400
6698,Vielsalm Grand-Halleux,Wallonie,Luxembourg,50.325802,5.907200
7011,Mons Ghlin,Wallonie,Hainaut,50.454102,3.952300
1652,Beersel Alsemberg,Vlaanderen,Vlaams Brabant,50.733299,4.316700
2260,Westerlo Tongerlo,Vlaanderen,Antwerpen,51.099998,4.888900
1300,Wavre,Wallonie,Brabant Wallon,50.716702,4.616700
1357,Florennes Linsmeau,Wallonie,Namur,50.704201,4.958300
5004,Namur,Wallonie,Namur,50.466702,4.866700
6670,Gouvy Limerlé,Wallonie,Luxembourg,50.158001,5.923900
6723,Habay Habay-la-Vieille,Wallonie,Luxembourg,49.730000,5.596700
3724,Kortessem,Vlaanderen,Limburg,50.866699,5.366700
3980,Tessenderlo,Vlaanderen,Limburg,51.066700,5.083300
9790,Wortegem-Petegem,Vlaanderen,Oost-Vlaanderen,50.869801,3.592100
4460,Grâce-Hollogne,Wallonie,Liège,50.644901,5.499300
4500,Huy,Wallonie,Liège,50.516701,5.233300
6591,Momignies,Wallonie,Hainaut,50.033298,4.166700
2382,Ravels Poppel,Vlaanderen,Antwerpen,51.450001,5.033300
3130,Begijnendijk,Vlaanderen,Vlaams Brabant,51.019001,4.782500
3520,Zonhoven,Vlaanderen,Limburg,50.983299,5.350000
4317,Faimes Borlez,Wallonie,Liège,50.633301,5.250000
5540,Hastière,Wallonie,Namur,50.216702,4.833300
6692,Vielsalm Petit-Thier,Wallonie,Luxembourg,50.308601,5.967800
6890,Libin,Wallonie,Luxembourg,49.983299,5.250000
3960,Bree,Vlaanderen,Limburg,51.133301,5.600000
9340,Lede Wanzele,Vlaanderen,Oost-Vlaanderen,50.966702,3.950000
4451,Juprelle,Wallonie,Liège,50.716702,5.533300
4728,Kelmis Hergenrath,Wallonie,Liège,50.440601,6.130300
6223,Fleurus,Wallonie,Hainaut,50.481400,4.548800
7970,Beloeil,Wallonie,Hainaut,50.550499,3.734800
1831,Machelen Diegem,Vlaanderen,Vlaams Brabant,50.900002,4.433300
8340,Damme,Vlaanderen,West-Vlaanderen,51.251499,3.281400
1310,La Hulpe,Wallonie,Brabant Wallon,50.733299,4.483300
7031,Mons,Wallonie,Hainaut,50.454102,3.952300
2820,Bonheiden,Vlaanderen,Antwerpen,51.022598,4.547100
3150,Haacht Wespelaar,Vlaanderen,Vlaams Brabant,50.950001,4.633300
9050,Gent Ledeberg,Vlaanderen,Oost-Vlaanderen,51.049999,3.716700
1850,Grimbergen,Vlaanderen,Vlaams Brabant,50.933300,4.383300
9403,Ninove Neigem,Vlaanderen,Oost-Vlaanderen,50.799999,4.050000
4420,Saint-Nicolas Tilleur,Wallonie,Liège,50.616699,5.533300
5640,Mettet Graux,Wallonie,Namur,50.333302,4.716700
6704,Arlon,Wallonie,Luxembourg,49.683300,5.816700
7951,Chièvres,Wallonie,Hainaut,50.587898,3.807100
8570,Anzegem Ingooigem,Vlaanderen,West-Vlaanderen,50.816700,3.433300
5574,Beauraing Pondrôme,Wallonie,Namur,50.099998,5.016700
6211,Les Bons Villers Mellet,Wallonie,Hainaut,50.500000,4.466700
7608,Péruwelz Wiers,Wallonie,Hainaut,50.508598,3.534700
1350,Nivelles Enines,Wallonie,Brabant Wallon,50.700001,4.933300
6660,Houffalize Nadrin,Wallonie,Luxembourg,50.159901,5.683700
7134,Binche,Wallonie,Hainaut,50.400002,4.166700
7643,Antoing,Wallonie,Hainaut,50.566700,3.450000
4219,Wasseiges,Wallonie,Liège,50.616699,5.000000
1400,Nivelles Monstreux,Wallonie,Brabant Wallon,50.599998,4.283300
4537,Verlaine,Wallonie,Liège,50.599998,5.316700
3583,Beringen Paal,Vlaanderen,Limburg,51.033298,5.183300
4260,Braives Avennes,Wallonie,Liège,50.633301,5.116700
7543,Tournai Mourcourt,Wallonie,Hainaut,50.599998,3.383300
7711,Mouscron Dottignies,Wallonie,Hainaut,50.733299,3.216700
3078,Kortenberg Meerbeek,Vlaanderen,Vlaams Brabant,50.883301,4.600000
9660,Brakel Nederbrakel,Vlaanderen,Oost-Vlaanderen,50.799999,3.766700
1495,Villers-la-Ville Sart-Dames-Avelines,Wallonie,Brabant Wallon,50.650002,4.566700
4820,Dison,Wallonie,Liège,50.616699,5.850000
1701,Dilbeek,Vlaanderen,Vlaams Brabant,50.849998,4.266700
8755,Ruiselede,Vlaanderen,West-Vlaanderen,51.049999,3.400000
4042,Herstal Liers,Wallonie,Liège,50.700001,5.566700
4300,Waremme Bleret,Wallonie,Liège,50.683300,5.283300
5562,Houyet,Wallonie,Namur,50.183300,5.016700
5576,Beauraing,Wallonie,Namur,50.116699,4.966700
5575,Gedinne Houdremont,Wallonie,Namur,49.950001,4.950000
6010,Charleroi,Wallonie,Hainaut,50.416698,4.433300
6673,Gouvy Cherain,Wallonie,Luxembourg,50.183300,5.866700
6761,Virton Latour,Wallonie,Luxembourg,49.566700,5.566700
7903,Leuze-en-Hainaut Chapelle-à-Wattines,Wallonie,Hainaut,50.552299,3.743100
8020,Oostkamp,Vlaanderen,West-Vlaanderen,51.150002,3.233300
5521,Onhaye Serville,Wallonie,Namur,50.250000,4.766700
6120,Ham-sur-Heure-Nalinnes Jamioulx,Wallonie,Hainaut,50.452400,4.340500
2200,Herentals Morkhoven,Vlaanderen,Antwerpen,51.116699,4.800000
9571,Lierde Hemelveerdegem,Vlaanderen,Oost-Vlaanderen,50.799999,3.850000
6823,Florenville,Wallonie,Luxembourg,49.700001,5.300000
6836,Bouillon Dohan,Wallonie,Luxembourg,49.799999,5.150000
7012,Mons Jemappes,Wallonie,Hainaut,50.454102,3.952300
8301,Knokke-Heist Ramskapelle,Vlaanderen,West-Vlaanderen,51.349998,3.266700
5310,Eghezée Upigny,Wallonie,Namur,50.566700,4.866700
6441,Froidchapelle,Wallonie,Hainaut,50.057400,4.315700
7034,Mons,Wallonie,Hainaut,50.454102,3.952300
7712,Mouscron Herseaux,Wallonie,Hainaut,50.733299,3.216700
2050,Antwerpen,Vlaanderen,Antwerpen,51.216702,4.416700
3450,Geetbets Grazen,Vlaanderen,Vlaams Brabant,50.866699,5.133300
6630,Martelange,Wallonie,Luxembourg,49.833302,5.733300
2980,Zoersel,Vlaanderen,Antwerpen,51.266701,4.700000
3530,Houthalen-Helchteren Helchteren,Vlaanderen,Limburg,51.049999,5.366700
8880,Ledegem Rollegem-Kapelle,Vlaanderen,West-Vlaanderen,50.866699,3.133300
9940,Evergem Kerkbrugge-Langerbrugge,Vlaanderen,Oost-Vlaanderen,51.145802,3.716700
6987,Rendeux Marcourt,Wallonie,Luxembourg,50.216702,5.533300
3128,Tremelo Baal,Vlaanderen,Vlaams Brabant,51.000000,4.750000
4000,Liège,Wallonie,Liège,50.641201,5.571800
5021,Namur,Wallonie,Namur,50.466702,4.866700
4652,Herve,Wallonie,Liège,50.633301,5.800000
5100,Namur Naninne,Wallonie,Namur,50.418900,4.926300
7880,Flobecq,Wallonie,Hainaut,50.733299,3.733300
7890,Ellezelles,Wallonie,Hainaut,50.733299,3.683300
1000,Bruxelles,Bruxelles-Capitale,Bruxelles,50.846600,4.352800
1653,Beersel,Vlaanderen,Vlaams Brabant,50.766701,4.300000
3381,Glabbeek,Vlaanderen,Vlaams Brabant,50.866699,4.950000
3440,Zoutleeuw,Vlaanderen,Vlaams Brabant,50.833302,5.100000
8377,Zuienkerke Houtave,Vlaanderen,West-Vlaanderen,51.233299,3.100000
4651,Herve Battice,Wallonie,Liège,50.650002,5.816700
1100,Postcheque,,,50.834999,4.364700
3120,Tremelo,Vlaanderen,Vlaams Brabant,50.983299,4.700000
5360,Hamois Natoye,Wallonie,Namur,50.333302,5.066700
2320,Hoogstraten,Vlaanderen,Antwerpen,51.400002,4.766700
3580,Beringen,Vlaanderen,Limburg,51.049999,5.216700
8680,Koekelare,Vlaanderen,West-Vlaanderen,51.083302,2.966700
5000,Namur,Wallonie,Namur,50.466702,4.866700
7870,Lens Bauffe,Wallonie,Hainaut,50.569801,3.853500
1120,Bruxelles,Bruxelles-Capitale,Bruxelles,50.846600,4.352800
2270,Herenthout,Vlaanderen,Antwerpen,51.150002,4.766700
8951,Heuvelland Dranouter,Vlaanderen,West-Vlaanderen,50.766701,2.783300
9112,Sint-Niklaas Sinaai-Waas,Vlaanderen,Oost-Vlaanderen,51.166698,4.133300
9820,Merelbeke Schelderode,Vlaanderen,Oost-Vlaanderen,50.966702,3.716700
2531,Boechout Vremde,Vlaanderen,Antwerpen,51.183300,4.516700
3211,Lubbeek,Vlaanderen,Vlaams Brabant,50.883301,4.833300
3581,Beringen Beverlo,Vlaanderen,Limburg,51.083302,5.200000
8690,Alveringem,Vlaanderen,West-Vlaanderen,51.016701,2.716700
8750,Wingene Zwevezele,Vlaanderen,West-Vlaanderen,51.033298,3.200000
5544,Hastière,Wallonie,Namur,50.216702,4.833300
6790,Aubange,Wallonie,Luxembourg,49.583302,5.800000
2870,Puurs Breendonk,Vlaanderen,Antwerpen,51.049999,4.333300
3665,As,Vlaanderen,Limburg,51.016701,5.583300
4052,Chaudfontaine,Wallonie,Liège,50.583302,5.633300
4100,Seraing,Wallonie,Liège,50.599998,5.483300
5680,Doische,Wallonie,Namur,50.133301,4.750000
2223,Heist-op-den-Berg Schriek,Vlaanderen,Antwerpen,51.160500,4.778400
2440,Geel,Vlaanderen,Antwerpen,51.166698,5.000000
9850,Nevele Landegem,Vlaanderen,Oost-Vlaanderen,51.066700,3.566700
4870,Trooz Forêt,Wallonie,Liège,50.583302,5.700000
6666,Houffalize Wibrin,Wallonie,Luxembourg,50.166698,5.716700
6820,Florenville Fontenoille,Wallonie,Luxembourg,49.716702,5.233300
2450,Meerhout,Vlaanderen,Antwerpen,51.349998,4.750000
3803,Sint-Truiden,Vlaanderen,Limburg,50.799999,5.200000
8700,Tielt Aarsele,Vlaanderen,West-Vlaanderen,51.000000,3.416700
6853,Paliseul Framont,Wallonie,Luxembourg,49.916698,5.166700
2940,Stabroek,Vlaanderen,Antwerpen,51.333302,4.366700
5336,Assesse,Wallonie,Namur,50.371399,5.023200
6567,Merbes-le-Château Merbes-Sainte-Marie,Wallonie,Hainaut,50.302898,4.134200
7063,Soignies Neufvilles,Wallonie,Hainaut,50.566700,4.000000
1315,Incourt Roux-Miroir,Wallonie,Brabant Wallon,50.716702,4.783300
4631,Soumagne Evegnée,Wallonie,Liège,50.650002,5.700000
4783,Sankt Vith Lommersweiler,Wallonie,Liège,50.240002,6.165000
4850,Plombières Montzen,Wallonie,Liège,50.700001,5.966700
6831,Bouillon Noirefontaine,Wallonie,Luxembourg,49.816700,5.100000
7070,Le Roeulx Mignault,Wallonie,Hainaut,50.533298,4.150000
3294,Diest,Vlaanderen,Vlaams Brabant,50.983398,5.050100
3545,Halen,Vlaanderen,Limburg,50.950001,5.100000
9220,Hamme Moerzeke,Vlaanderen,Oost-Vlaanderen,51.066700,4.150000
4261,Braives,Wallonie,Liège,50.633301,5.150000
7300,Boussu,Wallonie,Hainaut,50.434200,3.794400
2242,Zandhoven,Vlaanderen,Antwerpen,51.216702,4.650000
2470,Retie,Vlaanderen,Antwerpen,51.266701,5.066700
4450,Juprelle Slins,Wallonie,Liège,50.700001,5.525000
6542,Lobbes Sars-la-Buissière,Wallonie,Hainaut,50.349998,4.250000
6721,Habay,Wallonie,Luxembourg,49.783298,5.616700
7131,Binche,Wallonie,Hainaut,50.400002,4.166700
7973,Beloeil Stambruges,Wallonie,Hainaut,50.509399,3.716200
1730,Asse Bekkerzeel,Vlaanderen,Vlaams Brabant,50.883301,4.233300
2020,Antwerpen,Vlaanderen,Antwerpen,51.216702,4.416700
8906,Ieper,Vlaanderen,West-Vlaanderen,50.849998,2.883300
8970,Poperinge,Vlaanderen,West-Vlaanderen,50.849998,2.716700
7050,Jurbise Erbaut,Wallonie,Hainaut,50.533298,3.883300
1570,Galmaarden Vollezele,Vlaanderen,Vlaams Brabant,50.766701,4.016700
6182,Courcelles,Wallonie,Hainaut,50.466702,4.366700
7080,Frameries Noirchain,Wallonie,Hainaut,50.402802,3.925900
1982,Zemst Elewijt,Vlaanderen,Vlaams Brabant,50.966702,4.500000
9600,Ronse,Vlaanderen,Oost-Vlaanderen,50.750000,3.600000
7090,Braine-le-Comte Ronquières,Wallonie,Hainaut,50.472801,3.974000
6111,Montignyl-e-Tilleul Landelies,Wallonie,Hainaut,50.452400,4.340500
2460,Kasterlee,Vlaanderen,Antwerpen,51.250000,4.950000
3010,Leuven Kessel-Lo,Vlaanderen,Vlaams Brabant,50.879601,4.700900
3190,Boortmeerbeek,Vlaanderen,Vlaams Brabant,50.983299,4.566700
3290,Diest,Vlaanderen,Vlaams Brabant,50.983398,5.050100
3850,Nieuwerkerken,Vlaanderen,Limburg,50.866699,5.183300
3945,Ham Kwaadmechelen,Vlaanderen,Limburg,51.150002,5.383300
8908,Ieper,Vlaanderen,West-Vlaanderen,50.849998,2.883300
9552,Herzele Borsbeke,Vlaanderen,Oost-Vlaanderen,50.900002,3.883300
4840,Welkenraedt,Wallonie,Liège,50.650002,5.966700
5573,Beauraing,Wallonie,Namur,50.116699,4.966700
6724,Habay Rulles,Wallonie,Luxembourg,49.716702,5.566700
7534,Tournai Barry,Wallonie,Hainaut,50.599998,3.383300
1540,Herne,Vlaanderen,Vlaams Brabant,50.716702,4.033300
9800,Deinze Zeveren,Vlaanderen,Oost-Vlaanderen,51.000000,3.516700
4730,Raeren,Wallonie,Liège,50.683300,6.116700
6769,Meix-devant-Virton Robelmont,Wallonie,Luxembourg,49.552799,5.538900
3740,Bilzen,Vlaanderen,Limburg,50.866699,5.516700
8380,Brugge Zwankendamme,Vlaanderen,West-Vlaanderen,51.209801,3.225000
7504,Tournai Froidmont,Wallonie,Hainaut,50.583302,3.316700
3870,Heers Mechelen-Bovelingen,Vlaanderen,Limburg,50.733299,5.250000
4253,Geer Darion,Wallonie,Liège,50.666698,5.200000
6540,Lobbes,Wallonie,Hainaut,50.349998,4.250000
6810,Chiny,Wallonie,Luxembourg,49.733299,5.333300
4217,Héron,Wallonie,Liège,50.549999,5.083300
6031,Charleroi Monceau-sur-Sambre,Wallonie,Hainaut,50.416698,4.433300
7548,Tournai,Wallonie,Hainaut,50.599998,3.383300
1212,SPF Mobilité,Bruxelles-Capitale,Bruxelles,50.857300,4.359300
2250,Olen,Vlaanderen,Antwerpen,51.150002,4.850000
5140,Sombreffe Boignée,Wallonie,Namur,50.500000,4.616700
9473,Denderleeuw Welle,Vlaanderen,Oost-Vlaanderen,50.900002,4.033300
4050,Chaudfontaine,Wallonie,Liège,50.583302,5.633300
6531,Thuin Biesme-sous-Thuin,Wallonie,Hainaut,50.333302,4.283300
7021,Mons,Wallonie,Hainaut,50.454102,3.952300
1048,U.E.-Conseil,Bruxelles-Capitale,Bruxelles,50.841202,4.370400
3321,Hoegaarden,Vlaanderen,Vlaams Brabant,50.783298,4.900000
3950,Bocholt,Vlaanderen,Limburg,51.166698,5.583300
9052,Gent,Vlaanderen,Oost-Vlaanderen,51.049999,3.716700
5644,Mettet Ermeton-sur-Biert,Wallonie,Namur,50.316700,4.666700
8956,Heuvelland Kemmel,Vlaanderen,West-Vlaanderen,50.783298,2.816700
4367,Crisnée Fize-le-Marsal,Wallonie,Liège,50.708302,5.408300
5523,Onhaye,Wallonie,Namur,50.250000,4.833300
6536,Thuin,Wallonie,Hainaut,50.333302,4.283300
6663,Houffalize Mabompré,Wallonie,Luxembourg,50.098999,5.739800
3670,Meeuwen-Gruitrode Wijshagen,Vlaanderen,Limburg,51.083302,5.583300
9551,Herzele,Vlaanderen,Oost-Vlaanderen,50.883301,3.883300
6183,Courcelles Trazegnies,Wallonie,Hainaut,50.466702,4.316700
7522,Tournai Marquain,Wallonie,Hainaut,50.599998,3.383300
1980,Zemst Eppegem,Vlaanderen,Vlaams Brabant,50.966702,4.466700
3832,Wellen,Vlaanderen,Limburg,50.849998,5.316700
8573,Anzegem Tiegem,Vlaanderen,West-Vlaanderen,50.799999,3.466700
8730,Beernem,Vlaanderen,West-Vlaanderen,51.150002,3.333300
1332,Rixensart Genval,Wallonie,Brabant Wallon,50.716702,4.483300
7141,Morlanwelz Mont-Sainte-Aldegonde,Wallonie,Hainaut,50.433300,4.216700
1020,Bruxelles,Bruxelles-Capitale,Bruxelles,50.846600,4.352800
2990,Wuustwezel,Vlaanderen,Antwerpen,51.383301,4.600000
3272,Scherpenheuvel-Zichem Messelbroek,Vlaanderen,Vlaams Brabant,51.000000,4.983300
4790,Burg-Reuland,Wallonie,Liège,50.196899,6.133600
6840,Neufchâteau Grapfontaine,Wallonie,Luxembourg,49.816700,5.400000
6743,Etalle,Wallonie,Luxembourg,49.683300,5.600000
8583,Avelgem Bossuit,Vlaanderen,West-Vlaanderen,50.750000,3.400000
9960,Assenede,Vlaanderen,Oost-Vlaanderen,51.233299,3.750000
4041,Herstal Vottem,Wallonie,Liège,50.683300,5.583300
4800,Verviers,Wallonie,Liège,50.583302,5.866700
5522,Onhaye Falaën,Wallonie,Namur,50.283298,4.800000
1040,Bruxelles,Bruxelles-Capitale,Bruxelles,50.846600,4.352800
9040,Gent Sint-Amandsberg,Vlaanderen,Oost-Vlaanderen,51.049999,3.716700
5600,Philippeville Sart-en-Fagne,Wallonie,Namur,50.180801,4.592300
1840,Londerzeel,Vlaanderen,Vlaams Brabant,51.000000,4.300000
3806,Sint-Truiden Velm,Vlaanderen,Limburg,50.783298,5.116700
4540,Amay Ampsin,Wallonie,Liège,50.533298,5.283300
6742,Etalle Chantemelle,Wallonie,Luxembourg,49.650002,5.650000
7943,Brugelette Gages,Wallonie,Hainaut,50.606899,3.891400
8000,Brugge Koolkerke,Vlaanderen,West-Vlaanderen,51.250000,3.250000
1410,Waterloo,Wallonie,Brabant Wallon,50.716702,4.383300
4721,Kelmis Neu-Moresnet,Wallonie,Liège,50.440601,6.130300
9750,Zingem,Vlaanderen,Oost-Vlaanderen,50.900002,3.650000
8520,Kuurne,Vlaanderen,West-Vlaanderen,50.849998,3.283300
9506,Geraardsbergen Idegem,Vlaanderen,Oost-Vlaanderen,50.799999,3.916700
4141,Sprimont Louveigné,Wallonie,Liège,50.533298,5.700000
6463,Chimay Lompret,Wallonie,Hainaut,50.066700,4.383300
7502,Tournai,Wallonie,Hainaut,50.599998,3.383300
3018,Leuven Wijgmaal,Vlaanderen,Vlaams Brabant,50.879601,4.700900
8650,Houthulst Klerken,Vlaanderen,West-Vlaanderen,51.000000,2.900000
9280,Lebbeke Wieze,Vlaanderen,Oost-Vlaanderen,50.983299,4.083300
5376,Havelange,Wallonie,Namur,50.383301,5.233300
6030,Charleroi Goutroux,Wallonie,Hainaut,50.416698,4.433300
7611,Rumes,Wallonie,Hainaut,50.549999,3.300000
1006,Raad Vlaamse Gemeenschapscommissie,Bruxelles-Capitale,Bruxelles,50.846600,4.352800
3668,As Niel-bij-As,Vlaanderen,Limburg,51.016701,5.583300
4550,Nandrin,Wallonie,Liège,50.500000,5.416700
5563,Houyet,Wallonie,Namur,50.183300,5.016700
1005,Conseil Region Bruxelles-Capitale,Bruxelles-Capitale,Bruxelles,50.846600,4.352800
2801,Mechelen,Vlaanderen,Antwerpen,51.033298,4.466700
3620,Lanaken Neerharen,Vlaanderen,Limburg,50.916698,5.683300
1440,Brainele-Château Wauthier-Braine,Wallonie,Brabant Wallon,50.633900,4.402100
4254,Geer Ligney,Wallonie,Liège,50.666698,5.183300
4607,Dalhem Bombaye,Wallonie,Liège,50.733299,5.750000
4861,Pepinster Soiron,Wallonie,Liège,50.583302,5.783300
4950,Waimes Robertville,Wallonie,Liège,50.454102,6.122000
5170,Profondeville Lesve,Wallonie,Namur,50.366699,4.783300
6460,Chimay Villers-la-Tour,Wallonie,Hainaut,50.056702,4.276700
7331,Saint-Ghislain Baudour,Wallonie,Hainaut,50.483002,3.833200
1150,Bruxelles,Bruxelles-Capitale,Bruxelles,50.846600,4.352800
1320,Beauvechain Tourinnes-la-Grosse,Wallonie,Brabant Wallon,50.775002,4.762500
4252,Geer Omal,Wallonie,Liège,50.650002,5.200000
5560,Houyet Ciergnon,Wallonie,Namur,50.166698,5.083300
9910,Knesselare Ursel,Vlaanderen,Oost-Vlaanderen,51.133301,3.483300
3051,Oud-Heverlee,Vlaanderen,Vlaams Brabant,50.833302,4.666700
8540,Deerlijk,Vlaanderen,West-Vlaanderen,50.849998,3.350000
4051,Chaudfontaine,Wallonie,Liège,50.583302,5.633300
4600,Visé Lanaye,Wallonie,Liège,50.783298,5.683300
4860,Pepinster,Wallonie,Liège,50.566700,5.816700
2221,Heist-op-den-Berg Booischot,Vlaanderen,Antwerpen,51.160500,4.778400
3080,Tervuren,Vlaanderen,Vlaams Brabant,50.816700,4.516700
8421,De Haan Vlissegem,Vlaanderen,West-Vlaanderen,51.250000,3.050000
9406,Ninove Outer,Vlaanderen,Oost-Vlaanderen,50.833302,3.983300
4180,Hamoir Comblain-Fairon,Wallonie,Liège,50.450001,5.550000
6440,Froidchapelle Fourbechies,Wallonie,Hainaut,50.057400,4.315700
6887,Herbeumont Saint-Médard,Wallonie,Luxembourg,49.816700,5.333300
7032,Mons,Wallonie,Hainaut,50.454102,3.952300
6982,La Roche-en-Ardenne Samrée,Wallonie,Luxembourg,50.224998,5.512500
1790,Affligem,Vlaanderen,Vlaams Brabant,50.906799,4.112500
2381,Ravels Weelde,Vlaanderen,Antwerpen,51.416698,5.000000
6792,Aubange,Wallonie,Luxembourg,49.583302,5.800000
7501,Tournai,Wallonie,Hainaut,50.599998,3.383300
1012,Parlement de la Communauté française,Bruxelles-Capitale,Bruxelles,50.847599,4.342800
9290,Berlare,Vlaanderen,Oost-Vlaanderen,51.033298,4.000000
1370,Jodoigne Saint-Jean-Geest,Wallonie,Brabant Wallon,50.733299,4.900000
6221,Fleurus Saint-Amand,Wallonie,Hainaut,50.500000,4.533300
9772,Kruishoutem,Vlaanderen,Oost-Vlaanderen,50.900002,3.516700
6953,Nassogne Ambly,Wallonie,Luxembourg,50.150002,5.316700
6980,La Roche-en-Ardenne,Wallonie,Luxembourg,50.224998,5.512500
2530,Boechout,Vlaanderen,Antwerpen,51.166698,4.500000
8850,Ardooie,Vlaanderen,West-Vlaanderen,50.983299,3.200000
9932,Zomergem Ronsele,Vlaanderen,Oost-Vlaanderen,51.133301,3.550000
1301,Wavre Bierges,Wallonie,Brabant Wallon,50.716702,4.600000
5001,Namur,Wallonie,Namur,50.466702,4.866700
6220,Fleurus Lambusart,Wallonie,Hainaut,50.450001,4.550000
6560,Erquelinnes Bersilliesl'Abbaye,Wallonie,Hainaut,50.302898,4.134200
6812,Chiny Suxy,Wallonie,Luxembourg,49.766701,5.383300
