4862,Guldborg,Region Sjælland,Guldborgsund Kommune,54.867901,11.739200
1113,København K,Region Hovedstaden,Københavns Kommune,55.675900,12.565500
1128,København K,Region Hovedstaden,Københavns Kommune,55.675900,12.565500
1667,København V,Region Hovedstaden,Københavns Kommune,55.675900,12.565500
1829,Frederiksberg C,Region Hovedstaden,Frederiksberg Kommune,55.679401,12.534600
1120,København K,Region Hovedstaden,Københavns Kommune,55.675900,12.565500
1400,København K,Region Hovedstaden,Københavns Kommune,55.675900,12.565500
1413,København K,Region Hovedstaden,Københavns Kommune,55.675900,12.565500
9430,Vadum,Region Nordjylland,Aalborg Kommune,57.117901,9.857000
5580,Nørre Aaby,Region Syddanmark,Middelfart Kommune,55.461102,9.879400
5874,Hesselager,Region Syddanmark,Svendborg Kommune,55.175499,10.745200
1057,København K,Region Hovedstaden,Københavns Kommune,55.675900,12.565500
1573,København V,Region Hovedstaden,Københavns Kommune,55.675900,12.565500
2635,Ishøj,Region Hovedstaden,Ishøj Kommune,55.615398,12.351800
7700,Thisted,Region Nordjylland,Thisted Kommune,56.955200,8.694900
9870,Sindal,Region Nordjylland,Hjørring Kommune,57.471199,10.203100
6720,Fanø,Region Syddanmark,Fanø Kommune,55.435001,8.367900
1567,København V,Region Hovedstaden,Københavns Kommune,55.675900,12.565500
1728,København V,Region Hovedstaden,Københavns Kommune,55.675900,12.565500
1733,København V,Region Hovedstaden,Københavns Kommune,55.675900,12.565500
5882,Vejstrup,Region Syddanmark,Svendborg Kommune,55.105900,10.712400
1051,København K,Region Hovedstaden,Københavns Kommune,55.675900,12.565500
1054,København K,Region Hovedstaden,Københavns Kommune,55.675900,12.565500
1711,København V,Region Hovedstaden,Københavns Kommune,55.675900,12.565500
1808,Frederiksberg C,Region Hovedstaden,Frederiksberg Kommune,55.679401,12.534600
4621,Gadstrup,Region Sjælland,Roskilde Kommune,55.567799,12.089100
4772,Langebæk,Region Sjælland,Vordingborg Kommune,54.996498,12.089900
9830,Tårs,Region Nordjylland,Hjørring Kommune,57.383301,10.116700
9620,Aalestrup,Region Midtjylland,Viborg Kommune,56.694698,9.493400
8960,Randers SØ,Region Midtjylland,Randers Kommune,56.442200,10.363500
5600,Faaborg,Region Syddanmark,Faaborg-Midtfyn Kommune,55.095100,10.242300
4951,Nørreballe,Region Sjælland,Lolland Kommune,54.805901,11.430400
2150,Nordhavn,Region Hovedstaden,Københavns Kommune,55.675900,12.565500
1800,Frederiksberg C,Region Hovedstaden,Frederiksberg Kommune,55.679401,12.534600
1805,Frederiksberg C,Region Hovedstaden,Frederiksberg Kommune,55.679401,12.534600
4681,Herfølge,Region Sjælland,Køge Kommune,55.413700,12.143300
1424,København K,Region Hovedstaden,Københavns Kommune,55.675900,12.565500
1652,København V,Region Hovedstaden,Københavns Kommune,55.675900,12.565500
4470,Svebølle,Region Sjælland,Kalundborg Kommune,55.636799,11.317200
1665,København V,Region Hovedstaden,Københavns Kommune,55.675900,12.565500
1928,Frederiksberg C,Region Hovedstaden,Frederiksberg Kommune,55.679401,12.534600
3050,Humlebæk,Region Hovedstaden,Helsingør Kommune,55.961800,12.534100
4652,Hårlev,Region Sjælland,Stevns Kommune,55.349400,12.233800
9520,Skørping,Region Nordjylland,Rebild Kommune,56.836300,9.892500
1434,København K,Region Hovedstaden,Københavns Kommune,55.675900,12.565500
1463,København K,Region Hovedstaden,Københavns Kommune,55.675900,12.565500
1659,København V,Region Hovedstaden,Københavns Kommune,55.675900,12.565500
1557,København V,Region Hovedstaden,Københavns Kommune,55.675900,12.565500
1804,Frederiksberg C,Region Hovedstaden,Frederiksberg Kommune,55.679401,12.534600
1817,Frederiksberg C,Region Hovedstaden,Frederiksberg Kommune,55.679401,12.534600
6300,Gråsten,Region Syddanmark,Sønderborg Kommune,54.919201,9.595200
1072,København K,Region Hovedstaden,Københavns Kommune,55.675900,12.565500
1213,København K,Region Hovedstaden,Københavns Kommune,55.675900,12.565500
1329,København K,Region Hovedstaden,Københavns Kommune,55.675900,12.565500
1775,København V,Region Hovedstaden,Københavns Kommune,55.675900,12.565500
7451,Sunds,Region Midtjylland,Ikast-Brande Kommune,56.204201,9.012700
5792,Årslev,Region Syddanmark,Faaborg-Midtfyn Kommune,55.303501,10.464300
1357,København K,Region Hovedstaden,Københavns Kommune,55.675900,12.565500
1765,København V,Region Hovedstaden,Københavns Kommune,55.675900,12.565500
1056,København K,Region Hovedstaden,Københavns Kommune,55.675900,12.565500
1822,Frederiksberg C,Region Hovedstaden,Frederiksberg Kommune,55.679401,12.534600
7960,Karby,Region Nordjylland,Morsø Kommune,56.753601,8.561300
8544,Mørke,Region Midtjylland,Syddjurs Kommune,56.334499,10.381900
6880,Tarm,Region Syddanmark,Varde Kommune,55.908600,8.530400
7321,Gadbjerg,Region Syddanmark,Vejle Kommune,55.771500,9.324800
1320,København K,Region Hovedstaden,Københavns Kommune,55.675900,12.565500
1471,København K,Region Hovedstaden,Københavns Kommune,55.675900,12.565500
3250,Gilleleje,Region Hovedstaden,Gribskov Kommune,56.122002,12.310600
4291,Ruds Vedby,Region Sjælland,Sorø Kommune,55.540901,11.379600
8586,Ørum Djurs,Region Midtjylland,Norddjurs Kommune,56.431198,10.620200
6650,Brørup,Region Syddanmark,Vejen Kommune,55.481899,9.017600
1124,København K,Region Hovedstaden,Københavns Kommune,55.675900,12.565500
1168,København K,Region Hovedstaden,Københavns Kommune,55.675900,12.565500
4892,Kettinge,Region Sjælland,Guldborgsund Kommune,54.696701,11.728300
5762,Vester Skerninge,Region Syddanmark,Svendborg Kommune,55.073200,10.455400
1630,København V,Region Hovedstaden,Københavns Kommune,55.675900,12.565500
4683,Rønnede,Region Sjælland,Næstved Kommune,55.257099,12.021200
1863,Frederiksberg C,Region Hovedstaden,Frederiksberg Kommune,55.679401,12.534600
5200,Odense V,Region Syddanmark,Odense Kommune,55.390202,10.520100
5240,Odense NØ,Region Syddanmark,Odense Kommune,55.390202,10.520100
1316,København K,Region Hovedstaden,Københavns Kommune,55.675900,12.565500
1569,København V,Region Hovedstaden,Københavns Kommune,55.675900,12.565500
1651,København V,Region Hovedstaden,Københavns Kommune,55.675900,12.565500
3140,Ålsgårde,Region Hovedstaden,Helsingør Kommune,56.075600,12.539900
9750,Østervrå,Region Nordjylland,Hjørring Kommune,57.341702,10.240100
8800,Viborg,Region Midtjylland,Viborg Kommune,56.453201,9.402000
7250,Hejnsvig,Region Syddanmark,Billund Kommune,55.695301,8.997300
1204,København K,Region Hovedstaden,Københavns Kommune,55.675900,12.565500
3210,Vejby,Region Hovedstaden,Gribskov Kommune,56.063900,12.141900
5466,Asperup,Region Syddanmark,Middelfart Kommune,55.484299,9.908000
7182,Bredsten,Region Syddanmark,Vejle Kommune,55.701302,9.385000
1321,København K,Region Hovedstaden,Københavns Kommune,55.675900,12.565500
1966,Frederiksberg C,Region Hovedstaden,Frederiksberg Kommune,55.679401,12.534600
1923,Frederiksberg C,Region Hovedstaden,Frederiksberg Kommune,55.679401,12.534600
3770,Allinge,Region Hovedstaden,Bornholm Kommune,55.275902,14.802400
1420,København K,Region Hovedstaden,Københavns Kommune,55.675900,12.565500
3490,Kvistgård,Region Hovedstaden,Helsingør Kommune,55.993500,12.504500
8732,Hovedgård,Region Midtjylland,Horsens Kommune,55.941700,9.955000
5642,Millinge,Region Syddanmark,Faaborg-Midtfyn Kommune,55.134998,10.199400
5683,Haarby,Region Syddanmark,Assens Kommune,55.215000,10.122600
5970,Ærøskøbing,Region Syddanmark,Ærø Kommune,54.888000,10.411200
1164,København K,Region Hovedstaden,Københavns Kommune,55.675900,12.565500
1264,København K,Region Hovedstaden,Københavns Kommune,55.675900,12.565500
1430,København K,Region Hovedstaden,Københavns Kommune,55.675900,12.565500
8410,Rønde,Region Midtjylland,Syddjurs Kommune,56.301498,10.475100
5620,Glamsbjerg,Region Syddanmark,Assens Kommune,55.272400,10.104800
6683,Føvling,Region Syddanmark,Vejen Kommune,55.452099,8.939600
1777,København V,Region Hovedstaden,Københavns Kommune,55.675900,12.565500
7680,Thyborøn,Region Midtjylland,Lemvig Kommune,56.698502,8.212400
1105,København K,Region Hovedstaden,Københavns Kommune,55.675900,12.565500
1205,København K,Region Hovedstaden,Københavns Kommune,55.675900,12.565500
1458,København K,Region Hovedstaden,Københavns Kommune,55.675900,12.565500
9440,Aabybro,Region Nordjylland,Aalborg Kommune,57.158401,9.736700
6340,Kruså,Region Syddanmark,Aabenraa Kommune,54.851002,9.401300
6040,Egtved,Region Syddanmark,Vejle Kommune,55.618000,9.301000
1709,København V,Region Hovedstaden,Københavns Kommune,55.675900,12.565500
1910,Frederiksberg C,Region Hovedstaden,Frederiksberg Kommune,55.679401,12.534600
4672,Klippinge,Region Sjælland,Stevns Kommune,55.348202,12.325800
1121,København K,Region Hovedstaden,Københavns Kommune,55.675900,12.565500
1302,København K,Region Hovedstaden,Københavns Kommune,55.675900,12.565500
1368,København K,Region Hovedstaden,Københavns Kommune,55.675900,12.565500
1786,København V,Region Hovedstaden,Københavns Kommune,55.675900,12.565500
5700,Svendborg,Region Syddanmark,Svendborg Kommune,55.059799,10.606800
6470,Sydals,Region Syddanmark,Sønderborg Kommune,54.993999,9.790300
1454,København K,Region Hovedstaden,Københavns Kommune,55.675900,12.565500
1854,Frederiksberg C,Region Hovedstaden,Frederiksberg Kommune,55.679401,12.534600
8370,Hadsten,Region Midtjylland,Favrskov Kommune,56.328201,10.049300
1574,København V,Region Hovedstaden,Københavns Kommune,55.675900,12.565500
1708,København V,Region Hovedstaden,Københavns Kommune,55.675900,12.565500
4296,Nyrup,Region Sjælland,Sorø Kommune,55.494701,11.362300
7480,Vildbjerg,Region Hovedstaden,Københavns Kommune,56.200001,8.766700
7650,Bøvlingbjerg,Region Midtjylland,Lemvig Kommune,56.435299,8.202900
8641,Sorring,Region Midtjylland,Silkeborg Kommune,56.176899,9.775800
1366,København K,Region Hovedstaden,Københavns Kommune,55.675900,12.565500
5210,Odense NV,Region Syddanmark,Odense Kommune,55.390202,10.520100
1070,København K,Region Hovedstaden,Københavns Kommune,55.675900,12.565500
1327,København K,Region Hovedstaden,Københavns Kommune,55.675900,12.565500
1731,København V,Region Hovedstaden,Københavns Kommune,55.675900,12.565500
6200,Aabenraa,Region Syddanmark,Aabenraa Kommune,55.044300,9.417400
1572,København V,Region Hovedstaden,Københavns Kommune,55.675900,12.565500
4360,Kirke Eskilstrup,Region Sjælland,Ringsted Kommune,55.574600,11.767200
1130,København K,Region Hovedstaden,Københavns Kommune,55.675900,12.565500
1319,København K,Region Hovedstaden,Københavns Kommune,55.675900,12.565500
1653,København V,Region Hovedstaden,Københavns Kommune,55.675900,12.565500
4873,Væggerløse,Region Sjælland,Guldborgsund Kommune,54.712399,11.925500
7400,Herning,Region Midtjylland,Ringkøbing-Skjern Kommune,56.139301,8.973800
7800,Skive,Region Midtjylland,Viborg Kommune,56.563801,9.040200
6440,Augustenborg,Region Syddanmark,Sønderborg Kommune,54.952000,9.872200
1050,København K,Region Hovedstaden,Københavns Kommune,55.675900,12.565500
4520,Svinninge,Region Sjælland,Holbæk Kommune,55.721100,11.465500
4872,Idestrup,Region Sjælland,Guldborgsund Kommune,54.743099,11.956700
7673,Harboøre,Region Midtjylland,Lemvig Kommune,56.617500,8.180700
1118,København K,Region Hovedstaden,Københavns Kommune,55.675900,12.565500
1435,København K,Region Hovedstaden,Københavns Kommune,55.675900,12.565500
1773,København V,Region Hovedstaden,Københavns Kommune,55.675900,12.565500
1147,København K,Region Hovedstaden,Københavns Kommune,55.675900,12.565500
1208,København K,Region Hovedstaden,Københavns Kommune,55.675900,12.565500
9900,Frederikshavn,Region Nordjylland,Hjørring Kommune,57.440701,10.536600
9690,Fjerritslev,Region Nordjylland,Jammerbugt Kommune,57.081299,9.266400
9210,Aalborg SØ,Region Nordjylland,Aalborg Kommune,56.973301,9.923300
0900,København C,Region Hovedstaden,Københavns Kommune,57.048000,9.918700
6091,Bjert,Region Syddanmark,Kolding Kommune,55.407700,9.573800
1125,København K,Region Hovedstaden,Københavns Kommune,55.675900,12.565500
1304,København K,Region Hovedstaden,Københavns Kommune,55.675900,12.565500
9631,Gedsted,Region Midtjylland,Viborg Kommune,56.689201,9.336700
1414,København K,Region Hovedstaden,Københavns Kommune,55.675900,12.565500
2730,Herlev,Region Hovedstaden,Rødovre Kommune,55.723701,12.440000
4174,Jystrup Midtsj,Region Sjælland,Ringsted Kommune,55.408199,11.687200
8740,Brædstrup,Region Midtjylland,Silkeborg Kommune,55.971500,9.611300
5772,Kværndrup,Region Syddanmark,Svendborg Kommune,55.177502,10.525500
2100,København Ø,Region Hovedstaden,Københavns Kommune,55.675900,12.565500
4840,Nørre Alslev,Region Sjælland,Guldborgsund Kommune,54.897800,11.884100
1215,København K,Region Hovedstaden,Københavns Kommune,55.675900,12.565500
1220,København K,Region Hovedstaden,Københavns Kommune,55.675900,12.565500
1755,København V,Region Hovedstaden,Københavns Kommune,55.675900,12.565500
1758,København V,Region Hovedstaden,Københavns Kommune,55.675900,12.565500
9381,Sulsted,Region Nordjylland,Aalborg Kommune,57.163399,9.956700
5000,Odense C,Region Syddanmark,Odense Kommune,55.395901,10.388300
6731,Tjæreborg,Region Syddanmark,Esbjerg Kommune,55.464600,8.579700
1067,København K,Region Hovedstaden,Københavns Kommune,55.675900,12.565500
0917,Københavns Pakkecent,Region Hovedstaden,Brøndby Kommune,55.675900,12.565500
3390,Hundested,Region Hovedstaden,Halsnæs Kommune,55.966702,11.866700
6852,Billum,Region Syddanmark,Varde Kommune,55.616699,8.333300
1864,Frederiksberg C,Region Hovedstaden,Frederiksberg Kommune,55.679401,12.534600
2990,Nivå,Region Hovedstaden,Fredensborg Kommune,55.934101,12.504800
4592,Sejerø,Region Sjælland,Kalundborg Kommune,55.721298,11.335400
1353,København K,Region Hovedstaden,Københavns Kommune,55.675900,12.565500
5491,Blommenslyst,Region Syddanmark,Nordfyns Kommune,55.389500,10.262900
6800,Varde,Region Syddanmark,Varde Kommune,55.621101,8.480700
4871,Horbelev,Region Sjælland,Guldborgsund Kommune,54.823002,12.058400
6862,Tistrup,Region Syddanmark,Varde Kommune,55.717201,8.604300
1558,København V,Region Hovedstaden,Københavns Kommune,55.675900,12.565500
1815,Frederiksberg C,Region Hovedstaden,Frederiksberg Kommune,55.679401,12.534600
1851,Frederiksberg C,Region Hovedstaden,Frederiksberg Kommune,55.679401,12.534600
8762,Flemming,Region Midtjylland,Hedensted Kommune,55.868698,9.667500
1718,København V,Region Hovedstaden,Københavns Kommune,55.675900,12.565500
2300,København S,Region Hovedstaden,Tårnby Kommune,55.675900,12.565500
3460,Birkerød,Region Hovedstaden,Rudersdal Kommune,55.847599,12.427900
1218,København K,Region Hovedstaden,Københavns Kommune,55.675900,12.565500
1306,København K,Region Hovedstaden,Københavns Kommune,55.675900,12.565500
2950,Vedbæk,Region Hovedstaden,Rudersdal Kommune,55.847301,12.568900
4941,Bandholm,Region Sjælland,Lolland Kommune,54.836498,11.483100
8970,Havndal,Region Midtjylland,Randers Kommune,56.652500,10.196700
4930,Maribo,Region Sjælland,Guldborgsund Kommune,54.776600,11.500200
8722,Hedensted,Region Midtjylland,Hedensted Kommune,55.770401,9.701100
4900,Nakskov,Region Sjælland,Lolland Kommune,54.837299,11.128400
1140,København K,Region Hovedstaden,Københavns Kommune,55.675900,12.565500
1259,København K,Region Hovedstaden,Københavns Kommune,55.675900,12.565500
1601,København V,Region Hovedstaden,Københavns Kommune,55.675900,12.565500
6900,Skjern,Region Midtjylland,Ringkøbing-Skjern Kommune,55.950001,8.500000
5290,Marslev,Region Syddanmark,Kerteminde Kommune,55.390202,10.520100
5220,Odense SØ,Region Syddanmark,Odense Kommune,55.390202,10.520100
6753,Agerbæk,Region Syddanmark,Vejen Kommune,55.599998,8.800000
2760,Måløv,Region Hovedstaden,Ballerup Kommune,55.755299,12.323300
8870,Langå,Region Midtjylland,Randers Kommune,56.390301,9.894900
1064,København K,Region Hovedstaden,Københavns Kommune,55.675900,12.565500
1460,København K,Region Hovedstaden,Københavns Kommune,55.675900,12.565500
1852,Frederiksberg C,Region Hovedstaden,Frederiksberg Kommune,55.679401,12.534600
8620,Kjellerup,Region Midtjylland,Viborg Kommune,56.285801,9.435300
6400,Sønderborg,Region Syddanmark,Sønderborg Kommune,54.909302,9.807400
1000,København K,Region Hovedstaden,Københavns Kommune,55.675900,12.565500
3650,Ølstykke,Region Hovedstaden,Egedal Kommune,55.791599,12.145000
1650,København V,Region Hovedstaden,Københavns Kommune,55.675900,12.565500
3600,Frederikssund,Region Hovedstaden,Halsnæs Kommune,55.839600,12.069000
3120,Dronningmølle,Region Hovedstaden,Gribskov Kommune,56.094898,12.385200
9850,Hirtshals,Region Nordjylland,Hjørring Kommune,57.588100,9.959200
8320,Mårslet,Region Midtjylland,Aarhus Kommune,56.063599,10.162300
1172,København K,Region Hovedstaden,Københavns Kommune,55.675900,12.565500
1271,København K,Region Hovedstaden,Københavns Kommune,55.675900,12.565500
1317,København K,Region Hovedstaden,Københavns Kommune,55.675900,12.565500
1119,København K,Region Hovedstaden,Københavns Kommune,55.675900,12.565500
1127,København K,Region Hovedstaden,Københavns Kommune,55.675900,12.565500
1908,Frederiksberg C,Region Hovedstaden,Frederiksberg Kommune,55.679401,12.534600
4735,Mern,Region Sjælland,Vordingborg Kommune,55.048199,12.055600
8653,Them,Region Midtjylland,Silkeborg Kommune,56.094299,9.548700
8520,Lystrup,Region Midtjylland,Aarhus Kommune,56.498402,10.468900
5474,Veflinge,Region Syddanmark,Nordfyns Kommune,55.475498,10.160200
7007,Fredericia,Region Syddanmark,Fredericia Kommune,55.565701,9.752600
1957,Frederiksberg C,Region Hovedstaden,Frederiksberg Kommune,55.679401,12.534600
5592,Ejby,Region Syddanmark,Middelfart Kommune,55.430099,9.929700
6700,Esbjerg,Region Syddanmark,Esbjerg Kommune,55.470299,8.451900
1112,København K,Region Hovedstaden,Københavns Kommune,55.675900,12.565500
1560,København V,Region Hovedstaden,Københavns Kommune,55.675900,12.565500
8245,Risskov Ø,Region Midtjylland,Aarhus Kommune,56.197201,10.248000
3670,Veksø Sjælland,Region Sjælland,Roskilde Kommune,55.822300,12.086200
4792,Askeby,Region Sjælland,Vordingborg Kommune,54.923901,12.177100
1956,Frederiksberg C,Region Hovedstaden,Frederiksberg Kommune,55.679401,12.534600
1322,København K,Region Hovedstaden,Københavns Kommune,55.675900,12.565500
1656,København V,Region Hovedstaden,Københavns Kommune,55.675900,12.565500
1865,Frederiksberg C,Region Hovedstaden,Frederiksberg Kommune,55.679401,12.534600
1905,Frederiksberg C,Region Hovedstaden,Frederiksberg Kommune,55.679401,12.534600
6950,Ringkøbing,Region Midtjylland,Ringkøbing-Skjern Kommune,56.090099,8.244000
6051,Almind,Region Syddanmark,Kolding Kommune,55.564899,9.487000
1669,København V,Region Hovedstaden,Københavns Kommune,55.675900,12.565500
1872,Frederiksberg C,Region Hovedstaden,Frederiksberg Kommune,55.679401,12.534600
2980,Kokkedal,Region Hovedstaden,Hørsholm Kommune,55.911800,12.499500
1359,København K,Region Hovedstaden,Københavns Kommune,55.675900,12.565500
4300,Holbæk,Region Sjælland,Holbæk Kommune,55.713501,11.716900
4960,Holeby,Region Sjælland,Lolland Kommune,54.711498,11.464200
7850,Stoholm Jyll,Region Midtjylland,Viborg Kommune,56.553699,8.935300
1114,København K,Region Hovedstaden,Københavns Kommune,55.675900,12.565500
1157,København K,Region Hovedstaden,Københavns Kommune,55.675900,12.565500
1169,København K,Region Hovedstaden,Københavns Kommune,55.675900,12.565500
9681,Ranum,Region Nordjylland,Vesthimmerlands Kommune,56.897301,9.228700
7100,Vejle,Region Syddanmark,Vejle Kommune,55.709301,9.535700
2630,Taastrup,Region Hovedstaden,Høje-Taastrup Kommune,55.651699,12.292200
5672,Broby,Region Syddanmark,Faaborg-Midtfyn Kommune,55.210701,10.119800
1553,København V,Region Hovedstaden,Københavns Kommune,55.675900,12.565500
1739,København V,Region Hovedstaden,Københavns Kommune,55.675900,12.565500
1816,Frederiksberg C,Region Hovedstaden,Frederiksberg Kommune,55.679401,12.534600
1431,København K,Region Hovedstaden,Københavns Kommune,55.675900,12.565500
1673,København V,Region Hovedstaden,Københavns Kommune,55.675900,12.565500
1877,Frederiksberg C,Region Hovedstaden,Frederiksberg Kommune,55.679401,12.534600
1961,Frederiksberg C,Region Hovedstaden,Frederiksberg Kommune,55.679401,12.534600
8382,Hinnerup,Region Midtjylland,Aarhus Kommune,56.266102,10.063000
8471,Sabro,Region Midtjylland,Aarhus Kommune,56.213299,10.034400
1098,København K,Region Hovedstaden,Københavns Kommune,55.675900,12.565500
1167,København K,Region Hovedstaden,Københavns Kommune,55.675900,12.565500
0800,Høje Taastrup,Region Hovedstaden,Høje-Taastrup Kommune,55.647099,12.274200
1955,Frederiksberg C,Region Hovedstaden,Frederiksberg Kommune,55.679401,12.534600
4920,Søllested,Region Sjælland,Lolland Kommune,54.810200,11.271200
5854,Gislev,Region Syddanmark,Svendborg Kommune,55.218102,10.602200
1369,København K,Region Hovedstaden,Københavns Kommune,55.675900,12.565500
1876,Frederiksberg C,Region Hovedstaden,Frederiksberg Kommune,55.679401,12.534600
3751,Østermarie,Region Hovedstaden,Bornholm Kommune,55.140701,15.012500
1926,Frederiksberg C,Region Hovedstaden,Frederiksberg Kommune,55.679401,12.534600
7970,Redsted M,Region Nordjylland,Morsø Kommune,56.761902,8.683600
5892,Gudbjerg Sydfyn,Region Syddanmark,Svendborg Kommune,55.206402,10.685200
1123,København K,Region Hovedstaden,Københavns Kommune,55.675900,12.565500
1415,København K,Region Hovedstaden,Københavns Kommune,55.675900,12.565500
1310,København K,Region Hovedstaden,Københavns Kommune,55.675900,12.565500
1723,København V,Region Hovedstaden,Københavns Kommune,55.675900,12.565500
1780,København V,Region Hovedstaden,Københavns Kommune,55.675900,12.565500
4800,Nykøbing F,Region Sjælland,Guldborgsund Kommune,54.753300,11.817900
1455,København K,Region Hovedstaden,Københavns Kommune,55.675900,12.565500
4600,Køge,Region Sjælland,Stevns Kommune,55.458000,12.182100
4690,Haslev,Region Sjælland,Næstved Kommune,55.323502,11.963900
9240,Nibe,Region Nordjylland,Aalborg Kommune,56.981499,9.639200
8990,Fårup,Region Midtjylland,Randers Kommune,56.366699,10.249400
6623,Vorbasse,Region Syddanmark,Vejle Kommune,55.629902,9.082400
1074,København K,Region Hovedstaden,Københavns Kommune,55.675900,12.565500
4990,Sakskøbing,Region Sjælland,Guldborgsund Kommune,54.799702,11.626000
6715,Esbjerg N,Region Syddanmark,Esbjerg Kommune,55.418701,8.668500
1853,Frederiksberg C,Region Hovedstaden,Frederiksberg Kommune,55.679401,12.534600
2820,Gentofte,Region Hovedstaden,Gladsaxe Kommune,55.749001,12.546000
4653,Karise,Region Sjælland,Stevns Kommune,55.302799,12.208600
1253,København K,Region Hovedstaden,Københavns Kommune,55.675900,12.565500
1699,København V,Region Hovedstaden,Københavns Kommune,55.675900,12.565500
1756,København V,Region Hovedstaden,Københavns Kommune,55.675900,12.565500
4560,Vig,Region Sjælland,Odsherred Kommune,55.850800,11.585600
4390,Vipperød,Region Sjælland,Holbæk Kommune,55.667702,11.739700
6560,Sommersted,Region Syddanmark,Kolding Kommune,55.318699,9.295600
1300,København K,Region Hovedstaden,Københavns Kommune,55.675900,12.565500
1315,København K,Region Hovedstaden,Københavns Kommune,55.675900,12.565500
1421,København K,Region Hovedstaden,Københavns Kommune,55.675900,12.565500
6534,Agerskov,Region Syddanmark,Aabenraa Kommune,55.128899,9.135500
1722,København V,Region Hovedstaden,Københavns Kommune,55.675900,12.565500
4943,Torrig L,Region Sjælland,Lolland Kommune,54.836498,11.483100
9220,Aalborg Øst,Region Nordjylland,Aalborg Kommune,56.973301,9.923300
9280,Storvorde,Region Nordjylland,Aalborg Kommune,57.003899,10.101300
8950,Ørsted,Region Midtjylland,Norddjurs Kommune,56.501999,10.337200
5853,Ørbæk,Region Syddanmark,Nyborg Kommune,55.258499,10.670800
1367,København K,Region Hovedstaden,Københavns Kommune,55.675900,12.565500
1752,København V,Region Hovedstaden,Københavns Kommune,55.675900,12.565500
1826,Frederiksberg C,Region Hovedstaden,Frederiksberg Kommune,55.679401,12.534600
9480,Løkken,Region Nordjylland,Hjørring Kommune,57.370499,9.714700
8581,Nimtofte,Region Midtjylland,Norddjurs Kommune,56.408001,10.568600
6541,Bevtoft,Region Syddanmark,Tønder Kommune,55.201801,9.214700
1104,København K,Region Hovedstaden,Københavns Kommune,55.675900,12.565500
4660,Store Heddinge,Region Sjælland,Stevns Kommune,55.309601,12.388800
7600,Struer,Region Midtjylland,Struer Kommune,56.491199,8.583800
7442,Engesvang,Region Midtjylland,Ikast-Brande Kommune,56.170700,9.349500
4622,Havdrup,Region Sjælland,Solrød Kommune,55.544800,12.123900
4340,Tølløse,Region Sjælland,Lejre Kommune,55.612499,11.770300
7660,Bækmarksbro,Region Midtjylland,Struer Kommune,56.415298,8.307000
5270,Odense N,Region Syddanmark,Nordfyns Kommune,55.390202,10.520100
0960,Udland,Region Hovedstaden,Københavns Kommune,56.804001,9.514400
1107,København K,Region Hovedstaden,Københavns Kommune,55.675900,12.565500
1436,København K,Region Hovedstaden,Københavns Kommune,55.675900,12.565500
3300,Frederiksværk,Region Hovedstaden,Gribskov Kommune,55.970699,12.022500
7120,Vejle Øst,Region Syddanmark,Vejle Kommune,55.757999,9.486200
6682,Hovborg,Region Syddanmark,Vejen Kommune,55.608101,8.939600
6600,Vejen,Region Syddanmark,Vejen Kommune,55.481201,9.137900
6360,Tinglev,Region Syddanmark,Aabenraa Kommune,54.931000,9.252400
1323,København K,Region Hovedstaden,Københavns Kommune,55.675900,12.565500
1354,København K,Region Hovedstaden,Københavns Kommune,55.675900,12.565500
7830,Vinderup,Region Midtjylland,Skive Kommune,56.475101,8.790800
8550,Ryomgård,Region Midtjylland,Norddjurs Kommune,56.384300,10.503000
5500,Middelfart,Region Syddanmark,Middelfart Kommune,55.382000,10.269400
5591,Gelsted,Region Syddanmark,Middelfart Kommune,55.398800,9.973100
9330,Dronninglund,Region Nordjylland,Frederikshavn Kommune,57.160400,10.292900
1062,København K,Region Hovedstaden,Københavns Kommune,55.675900,12.565500
1608,København V,Region Hovedstaden,Københavns Kommune,55.675900,12.565500
1862,Frederiksberg C,Region Hovedstaden,Frederiksberg Kommune,55.679401,12.534600
3700,Rønne,Region Hovedstaden,Bornholm Kommune,55.100899,14.706600
4850,Stubbekøbing,Region Sjælland,Guldborgsund Kommune,54.888802,12.041000
9560,Hadsund,Region Nordjylland,Mariagerfjord Kommune,56.714802,10.116800
7173,Vonge,Region Syddanmark,Vejle Kommune,55.860401,9.419400
1314,København K,Region Hovedstaden,Københavns Kommune,55.675900,12.565500
1550,København V,Region Hovedstaden,Københavns Kommune,55.675900,12.565500
2605,Brøndby,Region Hovedstaden,Brøndby Kommune,55.650299,12.410000
4540,Fårevejle,Region Sjælland,Odsherred Kommune,55.799999,11.450000
4070,Kirke Hyllinge,Region Sjælland,Lejre Kommune,55.706699,11.900200
4874,Gedser,Region Sjælland,Guldborgsund Kommune,54.576401,11.930000
5492,Vissenbjerg,Region Syddanmark,Nordfyns Kommune,55.384800,10.137800
1055,København K,Region Hovedstaden,Københavns Kommune,55.675900,12.565500
1609,København V,Region Hovedstaden,Københavns Kommune,55.675900,12.565500
1760,København V,Region Hovedstaden,Københavns Kommune,55.675900,12.565500
7990,Øster Assels,Region Nordjylland,Morsø Kommune,56.701099,8.694600
9981,Jerup,Region Nordjylland,Frederikshavn Kommune,57.534302,10.416600
1619,København V,Region Hovedstaden,Københavns Kommune,55.675900,12.565500
1820,Frederiksberg C,Region Hovedstaden,Frederiksberg Kommune,55.679401,12.534600
5881,Skårup Fyn,Region Syddanmark,Svendborg Kommune,55.125099,10.714600
1059,København K,Region Hovedstaden,Københavns Kommune,55.675900,12.565500
1309,København K,Region Hovedstaden,Københavns Kommune,55.675900,12.565500
1617,København V,Region Hovedstaden,Københavns Kommune,55.675900,12.565500
4242,Boeslunde,Region Sjælland,Slagelse Kommune,55.300800,11.271200
1065,København K,Region Hovedstaden,Københavns Kommune,55.675900,12.565500
1703,København V,Region Hovedstaden,Københavns Kommune,55.675900,12.565500
1720,København V,Region Hovedstaden,Københavns Kommune,55.675900,12.565500
1757,København V,Region Hovedstaden,Københavns Kommune,55.675900,12.565500
7330,Brande,Region Syddanmark,Vejle Kommune,55.938099,9.121800
1401,København K,Region Hovedstaden,Københavns Kommune,55.675900,12.565500
1717,København V,Region Hovedstaden,Københavns Kommune,55.675900,12.565500
4591,Føllenslev,Region Sjælland,Kalundborg Kommune,55.725498,11.350800
8462,Harlev J,Region Midtjylland,Aarhus Kommune,56.349998,10.050000
1952,Frederiksberg C,Region Hovedstaden,Frederiksberg Kommune,55.679401,12.534600
2791,Dragør,Region Hovedstaden,Tårnby Kommune,55.594501,12.666400
8981,Spentrup,Region Midtjylland,Randers Kommune,56.536999,10.037900
8766,Nørre Snede,Region Midtjylland,Hedensted Kommune,55.964401,9.393200
5450,Otterup,Region Syddanmark,Nordfyns Kommune,55.515301,10.397600
1453,København K,Region Hovedstaden,Københavns Kommune,55.675900,12.565500
4673,Rødvig Stevns,Region Sjælland,Stevns Kommune,55.255402,12.379400
7760,Hurup Thy,Region Midtjylland,Struer Kommune,56.749401,8.419500
9500,Hobro,Region Midtjylland,Viborg Kommune,56.643101,9.790300
1102,København K,Region Hovedstaden,Københavns Kommune,55.675900,12.565500
1860,Frederiksberg C,Region Hovedstaden,Frederiksberg Kommune,55.679401,12.534600
1363,København K,Region Hovedstaden,Københavns Kommune,55.675900,12.565500
1787,København V,Region Hovedstaden,Københavns Kommune,55.675900,12.565500
1857,Frederiksberg C,Region Hovedstaden,Frederiksberg Kommune,55.679401,12.534600
4912,Harpelunde,Region Sjælland,Lolland Kommune,54.886501,11.091100
5610,Assens,Region Syddanmark,Assens Kommune,55.270199,9.900800
5960,Marstal,Region Syddanmark,Ærø Kommune,54.856201,10.517300
1441,København K,Region Hovedstaden,Københavns Kommune,55.675900,12.565500
1700,København V,Region Hovedstaden,Københavns Kommune,55.675900,12.565500
1556,København V,Region Hovedstaden,Københavns Kommune,55.675900,12.565500
4000,Roskilde,Region Sjælland,Lejre Kommune,55.641499,12.080300
1500,København V,Region Hovedstaden,Københavns Kommune,55.675900,12.565500
1754,København V,Region Hovedstaden,Københavns Kommune,55.675900,12.565500
1762,København V,Region Hovedstaden,Københavns Kommune,55.675900,12.565500
1870,Frederiksberg C,Region Hovedstaden,Frederiksberg Kommune,55.679401,12.534600
3070,Snekkersten,Region Hovedstaden,Helsingør Kommune,56.008999,12.586000
5300,Kerteminde,Region Syddanmark,Kerteminde Kommune,55.449001,10.657700
1551,København V,Region Hovedstaden,Københavns Kommune,55.675900,12.565500
1611,København V,Region Hovedstaden,Københavns Kommune,55.675900,12.565500
1914,Frederiksberg C,Region Hovedstaden,Frederiksberg Kommune,55.679401,12.534600
8560,Kolind,Region Midtjylland,Norddjurs Kommune,56.360600,10.583600
1925,Frederiksberg C,Region Hovedstaden,Frederiksberg Kommune,55.679401,12.534600
8270,Højbjerg,Region Midtjylland,Aarhus Kommune,56.111198,10.209900
5883,Oure,Region Syddanmark,Svendborg Kommune,55.119701,10.723400
1464,København K,Region Hovedstaden,Københavns Kommune,55.675900,12.565500
1470,København K,Region Hovedstaden,Københavns Kommune,55.675900,12.565500
8882,Fårvang,Region Midtjylland,Silkeborg Kommune,56.267502,9.727800
1152,København K,Region Hovedstaden,Københavns Kommune,55.675900,12.565500
2625,Vallensbæk,Region Hovedstaden,Vallensbæk Kommune,55.633301,12.366700
3550,Slangerup,Region Hovedstaden,Frederikssund Kommune,55.849998,12.183300
1053,København K,Region Hovedstaden,Københavns Kommune,55.675900,12.565500
1438,København K,Region Hovedstaden,Københavns Kommune,55.675900,12.565500
3100,Hornbæk,Region Hovedstaden,Gribskov Kommune,56.085400,12.450500
4736,Karrebæksminde,Region Sjælland,Næstved Kommune,55.181599,11.647000
1425,København K,Region Hovedstaden,Københavns Kommune,55.675900,12.565500
1670,København V,Region Hovedstaden,Københavns Kommune,55.675900,12.565500
1710,København V,Region Hovedstaden,Københavns Kommune,55.675900,12.565500
1171,København K,Region Hovedstaden,Københavns Kommune,55.675900,12.565500
1328,København K,Region Hovedstaden,Københavns Kommune,55.675900,12.565500
1576,København V,Region Hovedstaden,Københavns Kommune,55.675900,12.565500
1706,København V,Region Hovedstaden,Københavns Kommune,55.675900,12.565500
2800,Kongens Lyngby,Region Hovedstaden,Rudersdal Kommune,55.770401,12.503800
4532,Gislinge,Region Sjælland,Holbæk Kommune,55.734299,11.548400
4684,Holmegaard,Region Sjælland,Næstved Kommune,55.341099,12.069400
1255,København K,Region Hovedstaden,Københavns Kommune,55.675900,12.565500
1432,København K,Region Hovedstaden,Københavns Kommune,55.675900,12.565500
1663,København V,Region Hovedstaden,Københavns Kommune,55.675900,12.565500
1719,København V,Region Hovedstaden,Københavns Kommune,55.675900,12.565500
8350,Hundslund,Region Midtjylland,Odder Kommune,55.916000,10.052100
8920,Randers NV,Region Midtjylland,Randers Kommune,56.489300,10.262000
5953,Tranekær,Region Syddanmark,Langeland Kommune,54.997601,10.843800
1254,København K,Region Hovedstaden,Københavns Kommune,55.675900,12.565500
1921,Frederiksberg C,Region Hovedstaden,Frederiksberg Kommune,55.679401,12.534600
3630,Jægerspris,Region Hovedstaden,Frederikssund Kommune,55.855400,11.967900
4894,Øster Ulslev,Region Sjælland,Guldborgsund Kommune,54.698399,11.626700
1729,København V,Region Hovedstaden,Københavns Kommune,55.675900,12.565500
1819,Frederiksberg C,Region Hovedstaden,Frederiksberg Kommune,55.679401,12.534600
8881,Thorsø,Region Midtjylland,Silkeborg Kommune,56.299500,9.789200
8361,Hasselager,Region Midtjylland,Aarhus Kommune,56.100700,10.106500
5631,Ebberup,Region Syddanmark,Assens Kommune,55.243301,9.982100
6000,Kolding,Region Syddanmark,Kolding Kommune,55.490398,9.472200
8250,Egå,Region Midtjylland,Aarhus Kommune,56.213600,10.264400
1457,København K,Region Hovedstaden,Københavns Kommune,55.675900,12.565500
1875,Frederiksberg C,Region Hovedstaden,Frederiksberg Kommune,55.679401,12.534600
9990,Skagen,Region Nordjylland,Frederikshavn Kommune,57.720901,10.583900
1265,København K,Region Hovedstaden,Københavns Kommune,55.675900,12.565500
1371,København K,Region Hovedstaden,Københavns Kommune,55.675900,12.565500
1450,København K,Region Hovedstaden,Københavns Kommune,55.675900,12.565500
1263,København K,Region Hovedstaden,Københavns Kommune,55.675900,12.565500
1621,København V,Region Hovedstaden,Københavns Kommune,55.675900,12.565500
1920,Frederiksberg C,Region Hovedstaden,Frederiksberg Kommune,55.679401,12.534600
3790,Hasle,Region Hovedstaden,Bornholm Kommune,55.182098,14.711200
6320,Egernsund,Region Syddanmark,Sønderborg Kommune,54.905399,9.607100
1456,København K,Region Hovedstaden,Københavns Kommune,55.675900,12.565500
1677,København V,Region Hovedstaden,Københavns Kommune,55.675900,12.565500
1911,Frederiksberg C,Region Hovedstaden,Frederiksberg Kommune,55.679401,12.534600
1150,København K,Region Hovedstaden,Københavns Kommune,55.675900,12.565500
2840,Holte,Region Hovedstaden,Rudersdal Kommune,55.816700,12.466700
7500,Holstebro,Region Midtjylland,Struer Kommune,56.360100,8.616100
7184,Vandel,Region Syddanmark,Vejle Kommune,55.708500,9.213300
1570,København V,Region Hovedstaden,Københavns Kommune,55.675900,12.565500
3370,Melby,Region Hovedstaden,Halsnæs Kommune,55.996201,11.967600
8831,Løgstrup,Region Midtjylland,Viborg Kommune,56.510300,9.335400
1561,København V,Region Hovedstaden,Københavns Kommune,55.675900,12.565500
4480,Store Fuglede,Region Sjælland,Kalundborg Kommune,55.585201,11.245400
4952,Stokkemarke,Region Sjælland,Lolland Kommune,54.838100,11.360300
7150,Barrit,Region Midtjylland,Hedensted Kommune,55.711800,9.890400
1126,København K,Region Hovedstaden,Københavns Kommune,55.675900,12.565500
1612,København V,Region Hovedstaden,Københavns Kommune,55.675900,12.565500
1634,København V,Region Hovedstaden,Københavns Kommune,55.675900,12.565500
6640,Lunderskov,Region Syddanmark,Kolding Kommune,55.483799,9.299200
1575,København V,Region Hovedstaden,Københavns Kommune,55.675900,12.565500
1658,København V,Region Hovedstaden,Københavns Kommune,55.675900,12.565500
8340,Malling,Region Midtjylland,Aarhus Kommune,56.036301,10.196300
5380,Dalby,Region Syddanmark,Kerteminde Kommune,55.516998,10.659200
1069,København K,Region Hovedstaden,Københavns Kommune,55.675900,12.565500
4241,Vemmelev,Region Sjælland,Slagelse Kommune,55.355301,11.247100
6261,Bredebro,Region Syddanmark,Tønder Kommune,55.054798,8.829300
1592,København V,Region Hovedstaden,Københavns Kommune,55.675900,12.565500
1790,København V,Region Hovedstaden,Københavns Kommune,55.675900,12.565500
1813,Frederiksberg C,Region Hovedstaden,Frederiksberg Kommune,55.679401,12.534600
4953,Vesterborg,Region Sjælland,Lolland Kommune,54.848400,11.279600
9362,Gandrup,Region Nordjylland,Aalborg Kommune,57.057400,10.181400
6870,Ølgod,Region Syddanmark,Varde Kommune,55.806801,8.628600
1251,København K,Region Hovedstaden,Københavns Kommune,55.675900,12.565500
1801,Frederiksberg C,Region Hovedstaden,Frederiksberg Kommune,55.679401,12.534600
9270,Klarup,Region Nordjylland,Aalborg Kommune,57.011902,10.056200
6705,Esbjerg Ø,Region Syddanmark,Esbjerg Kommune,55.470299,8.451900
1764,København V,Region Hovedstaden,Københavns Kommune,55.675900,12.565500
1912,Frederiksberg C,Region Hovedstaden,Frederiksberg Kommune,55.679401,12.534600
4060,Kirke Såby,Region Sjælland,Lejre Kommune,55.633900,11.871200
6752,Glejbjerg,Region Syddanmark,Vejen Kommune,55.566700,8.833300
1552,København V,Region Hovedstaden,Københavns Kommune,55.675900,12.565500
1825,Frederiksberg C,Region Hovedstaden,Frederiksberg Kommune,55.679401,12.534600
4100,Ringsted,Region Sjælland,Næstved Kommune,55.442600,11.790100
9320,Hjallerup,Region Nordjylland,Aalborg Kommune,57.164700,10.145700
9740,Jerslev J,Region Nordjylland,Hjørring Kommune,57.323002,10.072200
1311,København K,Region Hovedstaden,Københavns Kommune,55.675900,12.565500
9352,Dybvad,Region Nordjylland,Frederikshavn Kommune,57.271999,10.359500
5690,Tommerup,Region Syddanmark,Assens Kommune,55.319500,10.206600
1599,København V,Region Hovedstaden,Københavns Kommune,55.675900,12.565500
1175,København K,Region Hovedstaden,Københavns Kommune,55.675900,12.565500
3782,Klemensker,Region Hovedstaden,Bornholm Kommune,55.172699,14.809900
4295,Stenlille,Region Sjælland,Sorø Kommune,55.540199,11.591500
4970,Rødby,Region Sjælland,Lolland Kommune,54.695000,11.388800
9760,Vrå,Region Nordjylland,Hjørring Kommune,57.347599,9.951500
1763,København V,Region Hovedstaden,Københavns Kommune,55.675900,12.565500
8830,Tjele,Region Midtjylland,Viborg Kommune,56.511799,9.613700
6855,Outrup,Region Syddanmark,Varde Kommune,55.633598,8.201800
1564,København V,Region Hovedstaden,Københavns Kommune,55.675900,12.565500
8680,Ry,Region Midtjylland,Skanderborg Kommune,56.090401,9.765100
1623,København V,Region Hovedstaden,Københavns Kommune,55.675900,12.565500
4050,Skibby,Region Hovedstaden,Frederikssund Kommune,55.751202,11.960800
1161,København K,Region Hovedstaden,Københavns Kommune,55.675900,12.565500
3400,Hillerød,Region Hovedstaden,Hillerød Kommune,55.927898,12.300800
2960,Rungsted Kyst,Region Hovedstaden,Hørsholm Kommune,55.834900,12.545100
3720,Aakirkeby,Region Hovedstaden,Bornholm Kommune,55.070801,14.919800
4420,Regstrup,Region Sjælland,Holbæk Kommune,55.675598,11.615700
9881,Bindslev,Region Nordjylland,Hjørring Kommune,57.552101,10.203600
7362,Hampen,Region Midtjylland,Ikast-Brande Kommune,56.019001,9.355100
6690,Gørding,Region Syddanmark,Vejen Kommune,55.474602,8.797400
3520,Farum,Region Hovedstaden,Egedal Kommune,55.808601,12.360700
4293,Dianalund,Region Sjælland,Sorø Kommune,55.531300,11.492500
7770,Vestervig,Region Nordjylland,Thisted Kommune,56.762798,8.319400
1562,København V,Region Hovedstaden,Københavns Kommune,55.675900,12.565500
1807,Frederiksberg C,Region Hovedstaden,Frederiksberg Kommune,55.679401,12.534600
4130,Viby Sjælland,Region Sjælland,Roskilde Kommune,55.548698,12.023900
6830,Nørre Nebel,Region Syddanmark,Varde Kommune,55.779800,8.295200
1058,København K,Region Hovedstaden,Københavns Kommune,55.675900,12.565500
1749,København V,Region Hovedstaden,Københavns Kommune,55.675900,12.565500
8260,Viby J,Region Midtjylland,Aarhus Kommune,56.166302,10.198700
1173,København K,Region Hovedstaden,Københavns Kommune,55.675900,12.565500
1632,København V,Region Hovedstaden,Københavns Kommune,55.675900,12.565500
2870,Dyssegård,Region Hovedstaden,Gentofte Kommune,55.772800,12.494000
1532,København V,Region Hovedstaden,Tårnby Kommune,55.675900,12.565500
1063,København K,Region Hovedstaden,Københavns Kommune,55.675900,12.565500
2770,Kastrup,Region Hovedstaden,Tårnby Kommune,55.635201,12.648900
4682,Tureby,Region Sjælland,Stevns Kommune,55.373001,12.076900
4632,Bjæverskov,Region Sjælland,Køge Kommune,55.457600,12.036500
4793,Bogø By,Region Sjælland,Vordingborg Kommune,54.923000,12.051000
8900,Randers C,Region Midtjylland,Randers Kommune,56.489300,10.262000
5260,Odense S,Region Syddanmark,Odense Kommune,55.390202,10.520100
7300,Jelling,Region Syddanmark,Vejle Kommune,55.755901,9.425800
1785,København V,Region Hovedstaden,Københavns Kommune,55.675900,12.565500
1909,Frederiksberg C,Region Hovedstaden,Frederiksberg Kommune,55.679401,12.534600
8464,Galten,Region Midtjylland,Aarhus Kommune,56.349998,10.050000
1093,København K,Region Hovedstaden,Københavns Kommune,55.675900,12.565500
1115,København K,Region Hovedstaden,Københavns Kommune,55.675900,12.565500
1117,København K,Region Hovedstaden,Københavns Kommune,55.675900,12.565500
1903,Frederiksberg C,Region Hovedstaden,Frederiksberg Kommune,55.679401,12.534600
1971,Frederiksberg C,Region Hovedstaden,Frederiksberg Kommune,55.679401,12.534600
8543,Hornslet,Region Midtjylland,Aarhus Kommune,56.315498,10.320400
1166,København K,Region Hovedstaden,Københavns Kommune,55.675900,12.565500
2920,Charlottenlund,Region Hovedstaden,Gentofte Kommune,55.753700,12.591800
6980,Tim,Region Midtjylland,Ringkøbing-Skjern Kommune,56.195599,8.307900
1410,København K,Region Hovedstaden,Københavns Kommune,55.675900,12.565500
1437,København K,Region Hovedstaden,Københavns Kommune,55.675900,12.565500
1615,København V,Region Hovedstaden,Københavns Kommune,55.675900,12.565500
1874,Frederiksberg C,Region Hovedstaden,Frederiksberg Kommune,55.679401,12.534600
1924,Frederiksberg C,Region Hovedstaden,Frederiksberg Kommune,55.679401,12.534600
3740,Svaneke,Region Hovedstaden,Bornholm Kommune,55.135700,15.141400
4773,Stensved,Region Sjælland,Vordingborg Kommune,54.997101,12.029800
9492,Blokhus,Region Nordjylland,Jammerbugt Kommune,57.248001,9.589700
7550,Sørvad,Region Midtjylland,Herning Kommune,56.262901,8.656300
5871,Frørup,Region Syddanmark,Nyborg Kommune,55.242401,10.715600
3540,Lynge,Region Hovedstaden,Egedal Kommune,55.839401,12.277200
9380,Vestbjerg,Region Nordjylland,Aalborg Kommune,57.131699,9.959400
5935,Bagenkop,Region Syddanmark,Langeland Kommune,54.749802,10.676000
8660,Skanderborg,Region Midtjylland,Aarhus Kommune,56.039902,9.927200
8305,Samsø,Region Midtjylland,Samsø Kommune,55.879601,10.607600
6240,Løgumkloster,Region Syddanmark,Tønder Kommune,55.059399,8.955100
4500,Nykøbing Sj,Region Sjælland,Odsherred Kommune,55.795101,11.499100
8310,Tranbjerg J,Region Midtjylland,Aarhus Kommune,56.090099,10.119400
8330,Beder,Region Midtjylland,Aarhus Kommune,56.060200,10.211800
1325,København K,Region Hovedstaden,Københavns Kommune,55.675900,12.565500
1631,København V,Region Hovedstaden,Københavns Kommune,55.675900,12.565500
1823,Frederiksberg C,Region Hovedstaden,Frederiksberg Kommune,55.679401,12.534600
7430,Ikast,Region Midtjylland,Ikast-Brande Kommune,56.138802,9.157700
1210,København K,Region Hovedstaden,Københavns Kommune,55.675900,12.565500
1312,København K,Region Hovedstaden,Københavns Kommune,55.675900,12.565500
1402,København K,Region Hovedstaden,Københavns Kommune,55.675900,12.565500
8210,Aarhus V,Region Midtjylland,Aarhus Kommune,56.166302,10.198700
1307,København K,Region Hovedstaden,Københavns Kommune,55.675900,12.565500
1705,København V,Region Hovedstaden,Københavns Kommune,55.675900,12.565500
2600,Glostrup,Region Hovedstaden,Albertslund Kommune,55.666599,12.403800
6070,Christiansfeld,Region Syddanmark,Kolding Kommune,55.358200,9.487000
1671,København V,Region Hovedstaden,Københavns Kommune,55.675900,12.565500
1759,København V,Region Hovedstaden,Københavns Kommune,55.675900,12.565500
8355,Solbjerg,Region Midtjylland,Aarhus Kommune,56.042702,10.086300
7860,Spøttrup,Region Midtjylland,Skive Kommune,56.623001,8.744700
6330,Padborg,Region Syddanmark,Aabenraa Kommune,54.826599,9.362500
1965,Frederiksberg C,Region Hovedstaden,Frederiksberg Kommune,55.679401,12.534600
7730,Hanstholm,Region Nordjylland,Thisted Kommune,57.116699,8.616700
9493,Saltum,Region Nordjylland,Jammerbugt Kommune,57.271900,9.698000
7620,Lemvig,Region Midtjylland,Lemvig Kommune,56.548599,8.310200
8930,Randers NØ,Region Midtjylland,Randers Kommune,56.489300,10.262000
2930,Klampenborg,Region Hovedstaden,Lyngby-Taarbæk Kommune,55.776299,12.590100
1915,Frederiksberg C,Region Hovedstaden,Frederiksberg Kommune,55.679401,12.534600
4750,Lundby,Region Sjælland,Vordingborg Kommune,55.108898,11.874700
6710,Esbjerg V,Region Syddanmark,Esbjerg Kommune,55.418701,8.668500
6052,Viuf,Region Syddanmark,Vejle Kommune,55.585300,9.492400
1061,København K,Region Hovedstaden,Københavns Kommune,55.675900,12.565500
1324,København K,Region Hovedstaden,Københavns Kommune,55.675900,12.565500
1913,Frederiksberg C,Region Hovedstaden,Frederiksberg Kommune,55.679401,12.534600
4261,Dalmose,Region Sjælland,Næstved Kommune,55.294201,11.418400
9260,Gistrup,Region Nordjylland,Aalborg Kommune,56.994301,9.990900
9800,Hjørring,Region Nordjylland,Hjørring Kommune,57.464199,9.982300
6940,Lem St,Region Midtjylland,Ringkøbing-Skjern Kommune,56.141899,8.460600
1095,København K,Region Hovedstaden,Københavns Kommune,55.675900,12.565500
6971,Spjald,Region Midtjylland,Ringkøbing-Skjern Kommune,56.128601,8.508400
6520,Toftlund,Region Syddanmark,Tønder Kommune,55.188599,9.069300
4350,Ugerløse,Region Sjælland,Holbæk Kommune,55.587101,11.654100
4490,Jerslev Sjælland,Region Sjælland,Kalundborg Kommune,55.610500,11.240600
4160,Herlufmagle,Region Sjælland,Næstved Kommune,55.313202,11.752300
8961,Allingåbro,Region Midtjylland,Norddjurs Kommune,56.464901,10.334100
8450,Hammel,Region Midtjylland,Silkeborg Kommune,56.257599,9.863200
5932,Humble,Region Syddanmark,Langeland Kommune,54.829700,10.699600
6630,Rødding,Region Syddanmark,Vejen Kommune,55.365700,9.063200
4030,Tune,Region Sjælland,Roskilde Kommune,55.595299,12.183200
4270,Høng,Region Sjælland,Slagelse Kommune,55.511600,11.290300
8832,Skals,Region Midtjylland,Viborg Kommune,56.556801,9.403800
5390,Martofte,Region Syddanmark,Kerteminde Kommune,55.546398,10.657800
1407,København K,Region Hovedstaden,Københavns Kommune,55.675900,12.565500
1916,Frederiksberg C,Region Hovedstaden,Frederiksberg Kommune,55.679401,12.534600
1622,København V,Region Hovedstaden,Københavns Kommune,55.675900,12.565500
1953,Frederiksberg C,Region Hovedstaden,Frederiksberg Kommune,55.679401,12.534600
4262,Sandved,Region Sjælland,Næstved Kommune,55.263000,11.521700
7900,Nykøbing M,Region Nordjylland,Morsø Kommune,56.761902,8.683600
9970,Strandby,Region Nordjylland,Frederikshavn Kommune,57.491501,10.496100
7470,Karup J,Region Midtjylland,Viborg Kommune,56.175701,9.032100
7361,Ejstrupholm,Region Syddanmark,Vejle Kommune,55.984100,9.281800
1902,Frederiksberg C,Region Hovedstaden,Frederiksberg Kommune,55.679401,12.534600
3310,Ølsted,Region Hovedstaden,Halsnæs Kommune,55.923199,12.070700
8600,Silkeborg,Region Midtjylland,Ikast-Brande Kommune,56.169701,9.545100
1451,København K,Region Hovedstaden,Københavns Kommune,55.675900,12.565500
1738,København V,Region Hovedstaden,Københavns Kommune,55.675900,12.565500
2900,Hellerup,Region Hovedstaden,Gentofte Kommune,55.731998,12.570900
1211,København K,Region Hovedstaden,Københavns Kommune,55.675900,12.565500
1416,København K,Region Hovedstaden,Københavns Kommune,55.675900,12.565500
1802,Frederiksberg C,Region Hovedstaden,Frederiksberg Kommune,55.679401,12.534600
1972,Frederiksberg C,Region Hovedstaden,Frederiksberg Kommune,55.679401,12.534600
1201,København K,Region Hovedstaden,Københavns Kommune,55.675900,12.565500
9550,Mariager,Region Midtjylland,Randers Kommune,56.649899,9.975100
1267,København K,Region Hovedstaden,Københavns Kommune,55.675900,12.565500
1607,København V,Region Hovedstaden,Københavns Kommune,55.675900,12.565500
1922,Frederiksberg C,Region Hovedstaden,Frederiksberg Kommune,55.679401,12.534600
4534,Hørve,Region Sjælland,Kalundborg Kommune,55.752899,11.453000
9000,Aalborg,Region Nordjylland,Aalborg Kommune,57.048000,9.918700
8570,Trustrup,Region Midtjylland,Norddjurs Kommune,56.349300,10.773900
1468,København K,Region Hovedstaden,Københavns Kommune,55.675900,12.565500
1761,København V,Region Hovedstaden,Københavns Kommune,55.675900,12.565500
7755,Bedsted Thy,Region Nordjylland,Thisted Kommune,56.892399,8.524400
1170,København K,Region Hovedstaden,Københavns Kommune,55.675900,12.565500
1675,København V,Region Hovedstaden,Københavns Kommune,55.675900,12.565500
1676,København V,Region Hovedstaden,Københavns Kommune,55.675900,12.565500
9640,Farsø,Region Nordjylland,Vesthimmerlands Kommune,56.772800,9.339300
8472,Sporup,Region Midtjylland,Skanderborg Kommune,56.213299,10.034400
4671,Strøby,Region Sjælland,Stevns Kommune,55.383400,12.281100
4983,Dannemare,Region Sjælland,Lolland Kommune,54.762402,11.187300
7741,Frøstrup,Region Nordjylland,Thisted Kommune,57.086700,8.995800
1156,København K,Region Hovedstaden,Københavns Kommune,55.675900,12.565500
1270,København K,Region Hovedstaden,Københavns Kommune,55.675900,12.565500
4173,Fjenneslev,Region Sjælland,Sorø Kommune,55.433899,11.688000
4771,Kalvehave,Region Sjælland,Vordingborg Kommune,54.997299,12.168500
6780,Skærbæk,Region Syddanmark,Tønder Kommune,55.157398,8.769000
1216,København K,Region Hovedstaden,Københavns Kommune,55.675900,12.565500
1614,København V,Region Hovedstaden,Københavns Kommune,55.675900,12.565500
4895,Errindlev,Region Sjælland,Lolland Kommune,54.668999,11.495100
6771,Gredstedbro,Region Syddanmark,Esbjerg Kommune,55.398300,8.739100
1423,København K,Region Hovedstaden,Københavns Kommune,55.675900,12.565500
1533,København V,Region Hovedstaden,Tårnby Kommune,55.675900,12.565500
4330,Hvalsø,Region Sjælland,Lejre Kommune,55.591702,11.862500
6622,Bække,Region Syddanmark,Vejen Kommune,55.570301,9.139700
1151,København K,Region Hovedstaden,Københavns Kommune,55.675900,12.565500
6510,Gram,Region Syddanmark,Haderslev Kommune,55.289501,9.049100
6310,Broager,Region Syddanmark,Sønderborg Kommune,54.887402,9.681000
1616,København V,Region Hovedstaden,Københavns Kommune,55.675900,12.565500
3500,Værløse,Region Hovedstaden,Egedal Kommune,55.782501,12.368600
2660,Brøndby Strand,Region Hovedstaden,Hvidovre Kommune,55.616699,12.350000
2680,Solrød Strand,Region Sjælland,Solrød Kommune,55.532902,12.222300
4550,Asnæs,Region Sjælland,Odsherred Kommune,55.812302,11.501300
7441,Bording,Region Midtjylland,Ikast-Brande Kommune,56.144100,9.276500
1129,København K,Region Hovedstaden,Københavns Kommune,55.675900,12.565500
1358,København K,Region Hovedstaden,Københavns Kommune,55.675900,12.565500
1577,København V,Region Hovedstaden,Københavns Kommune,55.675900,12.565500
1452,København K,Region Hovedstaden,Københavns Kommune,55.675900,12.565500
1068,København K,Region Hovedstaden,Københavns Kommune,55.675900,12.565500
1753,København V,Region Hovedstaden,Københavns Kommune,55.675900,12.565500
1771,København V,Region Hovedstaden,Københavns Kommune,55.675900,12.565500
1973,Frederiksberg C,Region Hovedstaden,Frederiksberg Kommune,55.679401,12.534600
2665,Vallensbæk Strand,Region Hovedstaden,Vallensbæk Kommune,55.613899,12.389500
8721,Daugård,Region Midtjylland,Hedensted Kommune,55.735100,9.703000
1250,København K,Region Hovedstaden,Københavns Kommune,55.675900,12.565500
1409,København K,Region Hovedstaden,Københavns Kommune,55.675900,12.565500
1600,København V,Region Hovedstaden,Københavns Kommune,55.675900,12.565500
3150,Hellebæk,Region Hovedstaden,Helsingør Kommune,56.068199,12.557800
4180,Sorø,Region Sjælland,Sorø Kommune,55.431801,11.555500
1240,København K,Region Hovedstaden,Københavns Kommune,55.675900,12.565500
1356,København K,Region Hovedstaden,Københavns Kommune,55.675900,12.565500
1412,København K,Region Hovedstaden,Københavns Kommune,55.675900,12.565500
1959,Frederiksberg C,Region Hovedstaden,Frederiksberg Kommune,55.679401,12.534600
8200,Aarhus N,Region Midtjylland,Aarhus Kommune,56.166302,10.198700
6960,Hvide Sande,Region Midtjylland,Ringkøbing-Skjern Kommune,56.004501,8.129400
6740,Bramming,Region Syddanmark,Esbjerg Kommune,55.469501,8.700100
6760,Ribe,Region Syddanmark,Esbjerg Kommune,55.330502,8.769700
2650,Hvidovre,Region Hovedstaden,Hvidovre Kommune,55.657200,12.473600
6270,Tønder,Region Syddanmark,Tønder Kommune,54.933102,8.866700
1313,København K,Region Hovedstaden,Københavns Kommune,55.675900,12.565500
3360,Liseleje,Region Hovedstaden,Halsnæs Kommune,56.005299,11.948300
8850,Bjerringbro,Region Midtjylland,Viborg Kommune,56.377998,9.660700
5750,Ringe,Region Syddanmark,Faaborg-Midtfyn Kommune,55.245098,10.470600
1850,Frederiksberg C,Region Hovedstaden,Frederiksberg Kommune,55.679401,12.534600
4654,Faxe Ladeplads,Region Sjælland,Faxe Kommune,55.326099,12.221200
4250,Fuglebjerg,Region Sjælland,Næstved Kommune,55.306000,11.547700
8751,Gedved,Region Midtjylland,Skanderborg Kommune,55.930801,9.846000
1159,København K,Region Hovedstaden,Københavns Kommune,55.675900,12.565500
4623,Lille Skensved,Region Sjælland,Solrød Kommune,55.509800,12.135100
4440,Mørkøv,Region Sjælland,Holbæk Kommune,55.651699,11.501500
7490,Aulum,Region Midtjylland,Herning Kommune,56.265400,8.792600
1268,København K,Region Hovedstaden,Københavns Kommune,55.675900,12.565500
1824,Frederiksberg C,Region Hovedstaden,Frederiksberg Kommune,55.679401,12.534600
4243,Rude,Region Sjælland,Næstved Kommune,55.230701,11.469200
1904,Frederiksberg C,Region Hovedstaden,Frederiksberg Kommune,55.679401,12.534600
8400,Ebeltoft,Region Midtjylland,Syddjurs Kommune,56.194401,10.682100
5320,Agedrup,Region Syddanmark,Odense Kommune,55.432400,10.488800
1257,København K,Region Hovedstaden,Københavns Kommune,55.675900,12.565500
1701,København V,Region Hovedstaden,Københavns Kommune,55.675900,12.565500
1370,København K,Region Hovedstaden,Københavns Kommune,55.675900,12.565500
1462,København K,Region Hovedstaden,Københavns Kommune,55.675900,12.565500
1555,København V,Region Hovedstaden,Københavns Kommune,55.675900,12.565500
8654,Bryrup,Region Midtjylland,Ikast-Brande Kommune,56.022800,9.518300
5856,Ryslinge,Region Syddanmark,Faaborg-Midtfyn Kommune,55.241600,10.536700
1361,København K,Region Hovedstaden,Københavns Kommune,55.675900,12.565500
1604,København V,Region Hovedstaden,Københavns Kommune,55.675900,12.565500
8220,Brabrand,Region Midtjylland,Aarhus Kommune,56.153099,10.105700
7000,Fredericia,Region Syddanmark,Vejle Kommune,55.565701,9.752600
1060,København K,Region Hovedstaden,Københavns Kommune,55.675900,12.565500
1712,København V,Region Hovedstaden,Københavns Kommune,55.675900,12.565500
2620,Albertslund,Region Hovedstaden,Albertslund Kommune,55.656898,12.363800
9575,Terndrup,Region Nordjylland,Rebild Kommune,56.813900,10.061500
8840,Rødkærsbro,Region Midtjylland,Viborg Kommune,56.353100,9.505100
6372,Bylderup-Bov,Region Syddanmark,Aabenraa Kommune,54.938702,9.085700
1153,København K,Region Hovedstaden,Københavns Kommune,55.675900,12.565500
4863,Eskilstrup,Region Sjælland,Guldborgsund Kommune,54.855701,11.886700
4760,Vordingborg,Region Sjælland,Vordingborg Kommune,55.007999,11.910600
9700,Brønderslev,Region Nordjylland,Jammerbugt Kommune,57.270199,9.941000
1737,København V,Region Hovedstaden,Københavns Kommune,55.675900,12.565500
2610,Rødovre,Region Hovedstaden,Rødovre Kommune,55.680599,12.453700
3200,Helsinge,Region Hovedstaden,Gribskov Kommune,56.022800,12.197500
1963,Frederiksberg C,Region Hovedstaden,Frederiksberg Kommune,55.679401,12.534600
9940,Læsø,Region Nordjylland,Læsø Kommune,57.544800,10.482700
6857,Blåvand,Region Syddanmark,Varde Kommune,55.552898,8.119800
0999,København C,Region Hovedstaden,Københavns Kommune,57.720901,10.583900
1260,København K,Region Hovedstaden,Københavns Kommune,55.675900,12.565500
1730,København V,Region Hovedstaden,Københavns Kommune,55.675900,12.565500
2450,København SV,Region Hovedstaden,Københavns Kommune,55.675900,12.565500
1970,Frederiksberg C,Region Hovedstaden,Frederiksberg Kommune,55.679401,12.534600
4640,Faxe,Region Sjælland,Næstved Kommune,55.246899,12.117600
6990,Ulfborg,Region Midtjylland,Ringkøbing-Skjern Kommune,56.267300,8.321700
5550,Langeskov,Region Syddanmark,Nyborg Kommune,55.356499,10.584500
6093,Sjølund,Region Syddanmark,Kolding Kommune,55.402401,9.530200
1419,København K,Region Hovedstaden,Københavns Kommune,55.675900,12.565500
2690,Karlslunde,Region Sjælland,Solrød Kommune,55.572601,12.225800
8230,Åbyhøj,Region Midtjylland,Aarhus Kommune,56.156300,10.165300
5560,Aarup,Region Syddanmark,Nordfyns Kommune,55.373199,10.041300
7183,Randbøl,Region Syddanmark,Vejle Kommune,55.694302,9.247500
1962,Frederiksberg C,Region Hovedstaden,Frederiksberg Kommune,55.679401,12.534600
8585,Glesborg,Region Midtjylland,Norddjurs Kommune,56.477501,10.723300
7140,Stouby,Region Midtjylland,Hedensted Kommune,55.702499,9.793800
6851,Janderup Vestj,Region Syddanmark,Varde Kommune,55.633598,8.201800
2970,Hørsholm,Region Hovedstaden,Rudersdal Kommune,55.881001,12.501100
1827,Frederiksberg C,Region Hovedstaden,Frederiksberg Kommune,55.679401,12.534600
4140,Borup,Region Sjælland,Ringsted Kommune,55.494701,11.975800
4190,Munke Bjergby,Region Sjælland,Sorø Kommune,55.503700,11.531700
8300,Odder,Region Midtjylland,Aarhus Kommune,55.973099,10.153000
1158,København K,Region Hovedstaden,Københavns Kommune,55.675900,12.565500
2400,København NV,Region Hovedstaden,Københavns Kommune,55.675900,12.565500
9982,Ålbæk,Region Nordjylland,Hjørring Kommune,57.592499,10.404600
7560,Hjerm,Region Midtjylland,Struer Kommune,56.438400,8.634500
1554,København V,Region Hovedstaden,Københavns Kommune,55.675900,12.565500
1772,København V,Region Hovedstaden,Københavns Kommune,55.675900,12.565500
1116,København K,Region Hovedstaden,Københavns Kommune,55.675900,12.565500
1467,København K,Region Hovedstaden,Københavns Kommune,55.675900,12.565500
1906,Frederiksberg C,Region Hovedstaden,Frederiksberg Kommune,55.679401,12.534600
9382,Tylstrup,Region Nordjylland,Aalborg Kommune,57.194698,9.953100
8240,Risskov,Region Midtjylland,Aarhus Kommune,56.197201,10.248000
7160,Tørring,Region Syddanmark,Vejle Kommune,55.849998,9.483300
6092,Sønder Stenderup,Region Syddanmark,Kolding Kommune,55.462299,9.611900
1256,København K,Region Hovedstaden,Københavns Kommune,55.675900,12.565500
1606,København V,Region Hovedstaden,Københavns Kommune,55.675900,12.565500
1812,Frederiksberg C,Region Hovedstaden,Frederiksberg Kommune,55.679401,12.534600
4880,Nysted,Region Sjælland,Guldborgsund Kommune,54.665100,11.734300
9460,Brovst,Region Nordjylland,Jammerbugt Kommune,57.095600,9.528000
7171,Uldum,Region Midtjylland,Hedensted Kommune,55.847099,9.589600
5771,Stenstrup,Region Syddanmark,Svendborg Kommune,55.133499,10.504700
4400,Kalundborg,Region Sjælland,Kalundborg Kommune,55.679501,11.088600
1422,København K,Region Hovedstaden,Københavns Kommune,55.675900,12.565500
1427,København K,Region Hovedstaden,Københavns Kommune,55.675900,12.565500
4220,Korsør,Region Sjælland,Slagelse Kommune,55.329899,11.138600
9610,Nørager,Region Nordjylland,Rebild Kommune,56.726200,9.597100
9230,Svenstrup J,Region Nordjylland,Aalborg Kommune,56.973301,9.923300
6621,Gesten,Region Syddanmark,Vejen Kommune,55.525299,9.207600
1408,København K,Region Hovedstaden,Københavns Kommune,55.675900,12.565500
1724,København V,Region Hovedstaden,Københavns Kommune,55.675900,12.565500
5370,Mesinge,Region Syddanmark,Kerteminde Kommune,55.498600,10.647000
1202,København K,Region Hovedstaden,Københavns Kommune,55.675900,12.565500
1261,København K,Region Hovedstaden,Københavns Kommune,55.675900,12.565500
1610,København V,Region Hovedstaden,Københavns Kommune,55.675900,12.565500
4583,Sjællands Odde,Region Sjælland,Odsherred Kommune,55.944000,11.752700
4460,Snertinge,Region Sjælland,Kalundborg Kommune,55.714901,11.383300
9310,Vodskov,Region Nordjylland,Aalborg Kommune,57.108501,10.022200
6230,Rødekro,Region Syddanmark,Aabenraa Kommune,55.070202,9.316400
2000,Frederiksberg,Region Hovedstaden,Frederiksberg Kommune,55.679401,12.534600
2860,Søborg,Region Hovedstaden,Gladsaxe Kommune,55.730202,12.509800
7980,Vils,Region Nordjylland,Morsø Kommune,56.763100,8.728600
6933,Kibæk,Region Midtjylland,Ringkøbing-Skjern Kommune,56.031700,8.857000
1203,København K,Region Hovedstaden,Københavns Kommune,55.675900,12.565500
1799,København V,Region Hovedstaden,Københavns Kommune,55.675900,12.565500
7884,Fur,Region Midtjylland,Skive Kommune,56.553699,8.935300
2200,København N,Region Hovedstaden,Frederiksberg Kommune,55.675900,12.565500
8000,Aarhus C,Region Midtjylland,Aarhus Kommune,56.156700,10.210800
1861,Frederiksberg C,Region Hovedstaden,Frederiksberg Kommune,55.679401,12.534600
5863,Ferritslev Fyn,Region Syddanmark,Kerteminde Kommune,55.206402,10.685200
6280,Højer,Region Syddanmark,Tønder Kommune,54.963402,8.698500
1350,København K,Region Hovedstaden,Københavns Kommune,55.675900,12.565500
1664,København V,Region Hovedstaden,Københavns Kommune,55.675900,12.565500
1433,København K,Region Hovedstaden,Københavns Kommune,55.675900,12.565500
1818,Frederiksberg C,Region Hovedstaden,Frederiksberg Kommune,55.679401,12.534600
4573,Højby,Region Sjælland,Odsherred Kommune,55.911499,11.597600
9510,Arden,Region Nordjylland,Mariagerfjord Kommune,56.769001,9.861800
6973,Ørnhøj,Region Midtjylland,Ringkøbing-Skjern Kommune,56.198700,8.564500
1291,København K,Region Hovedstaden,Københavns Kommune,55.675900,12.565500
1406,København K,Region Hovedstaden,Københavns Kommune,55.675900,12.565500
1774,København V,Region Hovedstaden,Københavns Kommune,55.675900,12.565500
4913,Horslunde,Region Sjælland,Lolland Kommune,54.911800,11.216500
8860,Ulstrup,Region Midtjylland,Viborg Kommune,56.389900,9.793500
6100,Haderslev,Region Syddanmark,Kolding Kommune,55.253799,9.489800
1411,København K,Region Hovedstaden,Københavns Kommune,55.675900,12.565500
1563,København V,Region Hovedstaden,Københavns Kommune,55.675900,12.565500
5540,Ullerslev,Region Syddanmark,Nyborg Kommune,55.361698,10.651900
5400,Bogense,Region Syddanmark,Nordfyns Kommune,55.566898,10.088600
1662,København V,Region Hovedstaden,Københavns Kommune,55.675900,12.565500
4720,Præstø,Region Sjælland,Vordingborg Kommune,55.117802,12.057300
5250,Odense SV,Region Syddanmark,Odense Kommune,55.390202,10.520100
5884,Gudme,Region Syddanmark,Svendborg Kommune,55.149799,10.708000
1900,Frederiksberg C,Region Hovedstaden,Frederiksberg Kommune,55.679401,12.534600
1513,Centraltastning,Region Hovedstaden,Københavns Kommune,55.671101,12.565300
1715,København V,Region Hovedstaden,Københavns Kommune,55.675900,12.565500
1868,Frederiksberg C,Region Hovedstaden,Frederiksberg Kommune,55.679401,12.534600
1967,Frederiksberg C,Region Hovedstaden,Frederiksberg Kommune,55.679401,12.534600
1674,København V,Region Hovedstaden,Københavns Kommune,55.675900,12.565500
1811,Frederiksberg C,Region Hovedstaden,Frederiksberg Kommune,55.679401,12.534600
5800,Nyborg,Region Syddanmark,Nyborg Kommune,55.312698,10.789600
1418,København K,Region Hovedstaden,Københavns Kommune,55.675900,12.565500
1439,København K,Region Hovedstaden,Københavns Kommune,55.675900,12.565500
1571,København V,Region Hovedstaden,Københavns Kommune,55.675900,12.565500
1429,København K,Region Hovedstaden,Københavns Kommune,55.675900,12.565500
1770,København V,Region Hovedstaden,Københavns Kommune,55.675900,12.565500
1856,Frederiksberg C,Region Hovedstaden,Frederiksberg Kommune,55.679401,12.534600
1917,Frederiksberg C,Region Hovedstaden,Frederiksberg Kommune,55.679401,12.534600
1318,København K,Region Hovedstaden,Københavns Kommune,55.675900,12.565500
6430,Nordborg,Region Syddanmark,Kolding Kommune,55.057301,9.740800
1073,København K,Region Hovedstaden,Københavns Kommune,55.675900,12.565500
1148,København K,Region Hovedstaden,Københavns Kommune,55.675900,12.565500
1154,København K,Region Hovedstaden,Københavns Kommune,55.675900,12.565500
2640,Hedehusene,Region Sjælland,Roskilde Kommune,55.646999,12.193600
3000,Helsingør,Region Hovedstaden,Helsingør Kommune,56.036098,12.613600
2670,Greve,Region Sjælland,Greve Kommune,55.583302,12.300000
9400,Nørresundby,Region Nordjylland,Aalborg Kommune,57.048302,9.935200
7870,Roslev,Region Midtjylland,Skive Kommune,56.703899,8.986400
1403,København K,Region Hovedstaden,Københavns Kommune,55.675900,12.565500
1873,Frederiksberg C,Region Hovedstaden,Frederiksberg Kommune,55.679401,12.534600
7752,Snedsted,Region Nordjylland,Thisted Kommune,56.892399,8.524400
8983,Gjerlev J,Region Midtjylland,Randers Kommune,56.536999,10.037900
6840,Oksbøl,Region Syddanmark,Varde Kommune,55.626801,8.287600
1866,Frederiksberg C,Region Hovedstaden,Frederiksberg Kommune,55.679401,12.534600
1655,København V,Region Hovedstaden,Københavns Kommune,55.675900,12.565500
7260,Sønder Omme,Region Syddanmark,Billund Kommune,55.839802,8.897200
8500,Grenaa,Region Midtjylland,Norddjurs Kommune,56.415798,10.878200
6064,Jordrup,Region Syddanmark,Kolding Kommune,55.557999,9.312200
1365,København K,Region Hovedstaden,Københavns Kommune,55.675900,12.565500
3450,Allerød,Region Hovedstaden,Hillerød Kommune,55.870300,12.357400
8632,Lemming,Region Midtjylland,Silkeborg Kommune,56.240501,9.547300
1103,København K,Region Hovedstaden,Københavns Kommune,55.675900,12.565500
1214,København K,Region Hovedstaden,Københavns Kommune,55.675900,12.565500
1727,København V,Region Hovedstaden,Københavns Kommune,55.675900,12.565500
6818,Årre,Region Syddanmark,Varde Kommune,55.572498,8.667500
2765,Smørum,Region Hovedstaden,Egedal Kommune,55.742298,12.302800
9490,Pandrup,Region Nordjylland,Jammerbugt Kommune,57.221500,9.675700
5464,Brenderup Fyn,Region Syddanmark,Middelfart Kommune,55.466301,10.039800
5330,Munkebo,Region Syddanmark,Odense Kommune,55.461800,10.555800
1810,Frederiksberg C,Region Hovedstaden,Frederiksberg Kommune,55.679401,12.534600
1092,København K,Region Hovedstaden,Københavns Kommune,55.675900,12.565500
1559,København V,Region Hovedstaden,Københavns Kommune,55.675900,12.565500
2500,Valby,Region Hovedstaden,Frederiksberg Kommune,55.658100,12.524100
1809,Frederiksberg C,Region Hovedstaden,Frederiksberg Kommune,55.679401,12.534600
1326,København K,Region Hovedstaden,Københavns Kommune,55.675900,12.565500
1603,København V,Region Hovedstaden,Københavns Kommune,55.675900,12.565500
1624,København V,Region Hovedstaden,Københavns Kommune,55.675900,12.565500
4733,Tappernøje,Region Sjælland,Vordingborg Kommune,55.165001,11.978700
9300,Sæby,Region Nordjylland,Frederikshavn Kommune,57.331902,10.522500
8541,Skødstrup,Region Midtjylland,Aarhus Kommune,56.263500,10.304100
1160,København K,Region Hovedstaden,Københavns Kommune,55.675900,12.565500
1206,København K,Region Hovedstaden,Københavns Kommune,55.675900,12.565500
7130,Juelsminde,Region Midtjylland,Hedensted Kommune,55.708801,10.016700
5485,Skamby,Region Syddanmark,Nordfyns Kommune,55.520802,10.274900
7190,Billund,Region Syddanmark,Vejle Kommune,55.733501,9.107900
6580,Vamdrup,Region Syddanmark,Kolding Kommune,55.427601,9.284300
4891,Toreby L,Region Sjælland,Guldborgsund Kommune,54.690601,11.619200
8700,Horsens,Region Midtjylland,Hedensted Kommune,55.860699,9.850300
8763,Rask Mølle,Region Midtjylland,Hedensted Kommune,55.872101,9.613500
3060,Espergærde,Region Hovedstaden,Helsingør Kommune,56.000000,12.566700
4370,Store Merløse,Region Sjælland,Sorø Kommune,55.543800,11.713000
6853,Vejers Strand,Region Syddanmark,Varde Kommune,55.633301,8.133300
1417,København K,Region Hovedstaden,Københavns Kommune,55.675900,12.565500
1660,København V,Region Hovedstaden,Københavns Kommune,55.675900,12.565500
1878,Frederiksberg C,Region Hovedstaden,Frederiksberg Kommune,55.679401,12.534600
6094,Hejls,Region Syddanmark,Kolding Kommune,55.383099,9.576500
4571,Grevinge,Region Sjælland,Odsherred Kommune,55.800800,11.551600
4700,Næstved,Region Sjælland,Næstved Kommune,55.229900,11.760900
9541,Suldrup,Region Nordjylland,Rebild Kommune,56.848801,9.700600
2720,Vanløse,Region Hovedstaden,Frederiksberg Kommune,55.683601,12.487100
3220,Tisvildeleje,Region Hovedstaden,Gribskov Kommune,56.059799,12.074100
4171,Glumsø,Region Sjælland,Næstved Kommune,55.356800,11.685600
3660,Stenløse,Region Hovedstaden,Egedal Kommune,55.768299,12.197200
1448,København K,Region Hovedstaden,Københavns Kommune,55.675900,12.565500
1568,København V,Region Hovedstaden,Københavns Kommune,55.675900,12.565500
1828,Frederiksberg C,Region Hovedstaden,Frederiksberg Kommune,55.679401,12.534600
1901,Frederiksberg C,Region Hovedstaden,Frederiksberg Kommune,55.679401,12.534600
3230,Græsted,Region Hovedstaden,Gribskov Kommune,56.065601,12.285100
8643,Ans By,Region Midtjylland,Viborg Kommune,56.176899,9.775800
1162,København K,Region Hovedstaden,Københavns Kommune,55.675900,12.565500
1704,København V,Region Hovedstaden,Københavns Kommune,55.675900,12.565500
1974,Frederiksberg C,Region Hovedstaden,Frederiksberg Kommune,55.679401,12.534600
1266,København K,Region Hovedstaden,Københavns Kommune,55.675900,12.565500
4593,Eskebjerg,Region Sjælland,Kalundborg Kommune,55.713001,11.304500
1301,København K,Region Hovedstaden,Københavns Kommune,55.675900,12.565500
4230,Skælskør,Region Sjælland,Slagelse Kommune,55.250599,11.293500
1219,København K,Region Hovedstaden,Københavns Kommune,55.675900,12.565500
4040,Jyllinge,Region Sjælland,Roskilde Kommune,55.758400,12.112300
1620,København V,Region Hovedstaden,Københavns Kommune,55.675900,12.565500
1951,Frederiksberg C,Region Hovedstaden,Frederiksberg Kommune,55.679401,12.534600
2880,Bagsværd,Region Hovedstaden,Furesø Kommune,55.761799,12.467900
9574,Bælum,Region Nordjylland,Rebild Kommune,56.830002,10.119800
1954,Frederiksberg C,Region Hovedstaden,Frederiksberg Kommune,55.679401,12.534600
6660,Lintrup,Region Syddanmark,Vejen Kommune,55.554401,8.927800
1071,København K,Region Hovedstaden,Københavns Kommune,55.675900,12.565500
4791,Borre,Region Sjælland,Vordingborg Kommune,54.995899,12.446300
6893,Hemmet,Region Midtjylland,Ringkøbing-Skjern Kommune,55.850201,8.375600
5471,Søndersø,Region Syddanmark,Nordfyns Kommune,55.485298,10.255400
1879,Frederiksberg C,Region Hovedstaden,Frederiksberg Kommune,55.679401,12.534600
1602,København V,Region Hovedstaden,Københavns Kommune,55.675900,12.565500
2740,Skovlunde,Region Hovedstaden,Herlev Kommune,55.715698,12.398000
3320,Skævinge,Region Hovedstaden,Halsnæs Kommune,55.907902,12.150400
2850,Nærum,Region Hovedstaden,Rudersdal Kommune,55.816002,12.538500
8765,Klovborg,Region Midtjylland,Ikast-Brande Kommune,55.931900,9.491000
7570,Vemb,Region Midtjylland,Lemvig Kommune,56.342300,8.337500
8444,Balle,Region Midtjylland,Norddjurs Kommune,56.296299,10.258900
1155,København K,Region Hovedstaden,Københavns Kommune,55.675900,12.565500
1855,Frederiksberg C,Region Hovedstaden,Frederiksberg Kommune,55.679401,12.534600
8670,Låsby,Region Midtjylland,Skanderborg Kommune,56.150200,9.806800
1613,København V,Region Hovedstaden,Københavns Kommune,55.675900,12.565500
1654,København V,Region Hovedstaden,Københavns Kommune,55.675900,12.565500
1766,København V,Region Hovedstaden,Københavns Kommune,55.675900,12.565500
1721,København V,Region Hovedstaden,Københavns Kommune,55.675900,12.565500
1958,Frederiksberg C,Region Hovedstaden,Frederiksberg Kommune,55.679401,12.534600
3080,Tikøb,Region Hovedstaden,Helsingør Kommune,56.020599,12.453100
7742,Vesløs,Region Nordjylland,Thisted Kommune,57.038300,8.974600
1221,København K,Region Hovedstaden,Københavns Kommune,55.675900,12.565500
1716,København V,Region Hovedstaden,Københavns Kommune,55.675900,12.565500
7540,Haderup,Region Midtjylland,Viborg Kommune,56.389599,8.994300
8963,Auning,Region Midtjylland,Norddjurs Kommune,56.430801,10.378200
8362,Hørning,Region Midtjylland,Aarhus Kommune,56.087002,10.037200
1122,København K,Region Hovedstaden,Københavns Kommune,55.675900,12.565500
1165,København K,Region Hovedstaden,Københavns Kommune,55.675900,12.565500
1867,Frederiksberg C,Region Hovedstaden,Frederiksberg Kommune,55.679401,12.534600
4581,Rørvig,Region Sjælland,Odsherred Kommune,55.944000,11.752700
8592,Anholt,Region Midtjylland,Norddjurs Kommune,56.367100,10.532500
8380,Trige,Region Midtjylland,Aarhus Kommune,56.252899,10.148400
1111,København K,Region Hovedstaden,Københavns Kommune,55.675900,12.565500
6920,Videbæk,Region Midtjylland,Ringkøbing-Skjern Kommune,56.087601,8.628500
1066,København K,Region Hovedstaden,Københavns Kommune,55.675900,12.565500
1618,København V,Region Hovedstaden,Københavns Kommune,55.675900,12.565500
1466,København K,Region Hovedstaden,Københavns Kommune,55.675900,12.565500
1702,København V,Region Hovedstaden,Københavns Kommune,55.675900,12.565500
1725,København V,Region Hovedstaden,Københavns Kommune,55.675900,12.565500
3330,Gørløse,Region Hovedstaden,Hillerød Kommune,55.885201,12.198200
9530,Støvring,Region Nordjylland,Aalborg Kommune,56.885399,9.838400
7840,Højslev,Region Midtjylland,Viborg Kommune,56.585602,9.136400
5463,Harndrup,Region Syddanmark,Middelfart Kommune,55.466599,10.021600
1362,København K,Region Hovedstaden,Københavns Kommune,55.675900,12.565500
4572,Nørre Asmindrup,Region Sjælland,Odsherred Kommune,55.887199,11.623000
5462,Morud,Region Syddanmark,Nordfyns Kommune,55.448101,10.189600
1750,København V,Region Hovedstaden,Københavns Kommune,55.675900,12.565500
1732,København V,Region Hovedstaden,Københavns Kommune,55.675900,12.565500
1734,København V,Region Hovedstaden,Københavns Kommune,55.675900,12.565500
1871,Frederiksberg C,Region Hovedstaden,Frederiksberg Kommune,55.679401,12.534600
1927,Frederiksberg C,Region Hovedstaden,Frederiksberg Kommune,55.679401,12.534600
8752,Østbirk,Region Midtjylland,Horsens Kommune,55.964802,9.755600
1110,København K,Region Hovedstaden,Københavns Kommune,55.675900,12.565500
1364,København K,Region Hovedstaden,Københavns Kommune,55.675900,12.565500
1428,København K,Region Hovedstaden,Københavns Kommune,55.675900,12.565500
4281,Gørlev,Region Sjælland,Kalundborg Kommune,55.539299,11.227100
6823,Ansager,Region Syddanmark,Varde Kommune,55.703098,8.758600
1635,København V,Region Hovedstaden,Københavns Kommune,55.675900,12.565500
1661,København V,Region Hovedstaden,Københavns Kommune,55.675900,12.565500
3480,Fredensborg,Region Hovedstaden,Hillerød Kommune,55.975601,12.403100
2750,Ballerup,Region Hovedstaden,Egedal Kommune,55.731602,12.363300
7950,Erslev,Region Nordjylland,Morsø Kommune,56.829800,8.750100
6792,Rømø,Region Syddanmark,Tønder Kommune,55.113201,8.542800
1668,København V,Region Hovedstaden,Københavns Kommune,55.675900,12.565500
1806,Frederiksberg C,Region Hovedstaden,Frederiksberg Kommune,55.679401,12.534600
9370,Hals,Region Nordjylland,Aalborg Kommune,56.996101,10.308100
7200,Grindsted,Region Syddanmark,Vejle Kommune,55.754002,8.912300
1131,København K,Region Hovedstaden,Københavns Kommune,55.675900,12.565500
5985,Søby Ærø,Region Syddanmark,Ærø Kommune,54.876301,10.643000
1052,København K,Region Hovedstaden,Københavns Kommune,55.675900,12.565500
9632,Møldrup,Region Midtjylland,Viborg Kommune,56.616699,9.501100
7280,Sønder Felding,Region Midtjylland,Ringkøbing-Skjern Kommune,55.937599,8.779400
8530,Hjortshøj,Region Midtjylland,Aarhus Kommune,56.248100,10.265300
7323,Give,Region Syddanmark,Vejle Kommune,55.839802,9.250000
6670,Holsted,Region Syddanmark,Vejen Kommune,55.510899,8.918700
1200,København K,Region Hovedstaden,Københavns Kommune,55.675900,12.565500
1100,København K,Region Hovedstaden,Københavns Kommune,55.675900,12.565500
1426,København K,Region Hovedstaden,Københavns Kommune,55.675900,12.565500
3730,Nexø,Region Hovedstaden,Bornholm Kommune,55.060699,15.130600
1472,København K,Region Hovedstaden,Københavns Kommune,55.675900,12.565500
9670,Løgstør,Region Nordjylland,Jammerbugt Kommune,56.962502,9.258300
7270,Stakroge,Region Syddanmark,Billund Kommune,55.890099,8.847300
1360,København K,Region Hovedstaden,Københavns Kommune,55.675900,12.565500
1459,København K,Region Hovedstaden,Københavns Kommune,55.675900,12.565500
4450,Jyderup,Region Sjælland,Kalundborg Kommune,55.664001,11.420300
4200,Slagelse,Region Sjælland,Næstved Kommune,55.402802,11.354600
9293,Kongerslev,Region Nordjylland,Aalborg Kommune,56.905602,10.126700
7790,Thyholm,Region Midtjylland,Struer Kommune,56.918900,8.620600
1217,København K,Region Hovedstaden,Københavns Kommune,55.675900,12.565500
2942,Skodsborg,Region Hovedstaden,Rudersdal Kommune,55.822498,12.573200
9200,Aalborg SV,Region Nordjylland,Aalborg Kommune,56.973301,9.923300
5900,Rudkøbing,Region Syddanmark,Langeland Kommune,54.936401,10.710200
1174,København K,Region Hovedstaden,Københavns Kommune,55.675900,12.565500
2830,Virum,Region Hovedstaden,Rudersdal Kommune,55.794899,12.451000
5350,Rynkeby,Region Syddanmark,Kerteminde Kommune,55.400799,10.613700
1303,København K,Region Hovedstaden,Københavns Kommune,55.675900,12.565500
1714,København V,Region Hovedstaden,Københavns Kommune,55.675900,12.565500
1751,København V,Region Hovedstaden,Københavns Kommune,55.675900,12.565500
1726,København V,Region Hovedstaden,Københavns Kommune,55.675900,12.565500
1803,Frederiksberg C,Region Hovedstaden,Frederiksberg Kommune,55.679401,12.534600
8781,Stenderup,Region Midtjylland,Hedensted Kommune,55.792099,9.809700
8783,Hornsyld,Region Midtjylland,Hedensted Kommune,55.752602,9.851200
6535,Branderup J,Region Syddanmark,Tønder Kommune,55.128899,9.135500
6854,Henne,Region Syddanmark,Varde Kommune,55.731701,8.220900
8420,Knebel,Region Midtjylland,Syddjurs Kommune,56.214100,10.488600
1106,København K,Region Hovedstaden,Københavns Kommune,55.675900,12.565500
1964,Frederiksberg C,Region Hovedstaden,Frederiksberg Kommune,55.679401,12.534600
1960,Frederiksberg C,Region Hovedstaden,Frederiksberg Kommune,55.679401,12.534600
4320,Lejre,Region Sjælland,Lejre Kommune,55.604599,11.974800
8381,Tilst,Region Midtjylland,Aarhus Kommune,56.193802,10.112800
7080,Børkop,Region Syddanmark,Vejle Kommune,55.637901,9.648200
1666,København V,Region Hovedstaden,Københavns Kommune,55.675900,12.565500
1814,Frederiksberg C,Region Hovedstaden,Frederiksberg Kommune,55.679401,12.534600
5230,Odense M,Region Syddanmark,Odense Kommune,55.390202,10.520100
1657,København V,Region Hovedstaden,Københavns Kommune,55.675900,12.565500
1736,København V,Region Hovedstaden,Københavns Kommune,55.675900,12.565500
9600,Aars,Region Nordjylland,Rebild Kommune,56.804001,9.514400
1101,København K,Region Hovedstaden,Københavns Kommune,55.675900,12.565500
2700,Brønshøj,Region Hovedstaden,Københavns Kommune,55.705700,12.496400
1950,Frederiksberg C,Region Hovedstaden,Frederiksberg Kommune,55.679401,12.534600
1209,København K,Region Hovedstaden,Københavns Kommune,55.675900,12.565500
1355,København K,Region Hovedstaden,Københavns Kommune,55.675900,12.565500
1735,København V,Region Hovedstaden,Københavns Kommune,55.675900,12.565500
4944,Fejø,Region Sjælland,Lolland Kommune,54.836498,11.483100
9340,Asaa,Region Nordjylland,Frederikshavn Kommune,57.148701,10.403700
1352,København K,Region Hovedstaden,Københavns Kommune,55.675900,12.565500
1566,København V,Region Hovedstaden,Københavns Kommune,55.675900,12.565500
1707,København V,Region Hovedstaden,Københavns Kommune,55.675900,12.565500
1672,København V,Region Hovedstaden,Københavns Kommune,55.675900,12.565500
6500,Vojens,Region Syddanmark,Haderslev Kommune,55.246399,9.306000
6392,Bolderslev,Region Syddanmark,Aabenraa Kommune,54.992500,9.284000
1440,København K,Region Hovedstaden,Københavns Kommune,55.675900,12.565500
1633,København V,Region Hovedstaden,Københavns Kommune,55.675900,12.565500
1308,København K,Region Hovedstaden,Københavns Kommune,55.675900,12.565500
3760,Gudhjem,Region Hovedstaden,Christiansø,55.210499,14.971300
4780,Stege,Region Sjælland,Vordingborg Kommune,54.987000,12.284600
8940,Randers SV,Region Midtjylland,Randers Kommune,56.489300,10.262000
8883,Gjern,Region Midtjylland,Silkeborg Kommune,56.230202,9.739100
8723,Løsning,Region Midtjylland,Hedensted Kommune,55.802399,9.695400
1207,København K,Region Hovedstaden,Københavns Kommune,55.675900,12.565500
